month,LEI,CEI,NBER,delta_1m_LEI,delta_3m_LEI,delta_6m_LEI,sign_delta_1m_LEI,sign_delta_3m_LEI,sign_delta_6m_LEI
07/1972,50.3,39.5,expansion,0.0,0.0,0.0,0,0,0
08/1972,51.0,39.9,expansion,0.013916500994035843,0.0,0.0,1,0,0
09/1972,51.6,40.2,expansion,0.011764705882352969,0.0,0.0,1,0,0
10/1972,52.0,40.7,expansion,0.007751937984496096,0.03379721669980125,0.0,1,1,0
11/1972,52.5,41.0,expansion,0.009615384615384616,0.029411764705882353,0.0,1,1,0
12/1972,53.1,41.4,expansion,0.011428571428571456,0.029069767441860465,0.0,1,1,0
01/1973,53.4,41.5,expansion,0.00564971751412424,0.026923076923076897,0.061630218687872794,1,1,1
02/1973,53.6,41.7,expansion,0.0037453183520599785,0.02095238095238098,0.05098039215686277,1,1,1
03/1973,53.6,41.8,expansion,0.0,0.009416195856873822,0.03875968992248062,0,1,1
04/1973,53.3,41.8,expansion,-0.005597014925373214,-0.0018726591760299892,0.024999999999999946,0,0,1
05/1973,53.3,41.9,expansion,0.0,-0.005597014925373214,0.015238095238095184,0,0,1
06/1973,53.2,42.0,expansion,-0.0018761726078798185,-0.007462686567164152,0.0018832391713747914,0,0,1
07/1973,52.9,42.2,expansion,-0.005639097744360982,-0.007504690431519674,-0.009363295880149813,0,0,0
08/1973,52.4,42.0,expansion,-0.00945179584120983,-0.016885553470919298,-0.022388059701492588,0,0,0
09/1973,52.2,42.2,expansion,-0.0038167938931296897,-0.018796992481203006,-0.026119402985074598,0,0,0
10/1973,52.1,42.7,expansion,-0.0019157088122605636,-0.015122873345935674,-0.02251407129455902,0,0,0
11/1973,51.8,42.9,expansion,-0.0057581573896353985,-0.01145038167938934,-0.028142589118198877,0,0,0
12/1973,51.2,42.8,contraction,-0.011583011583011473,-0.019157088122605363,-0.03759398496240601,0,0,0
01/1974,51.0,42.6,contraction,-0.0039062500000000555,-0.02111324376199619,-0.03591682419659733,0,0,0
02/1974,50.6,42.5,contraction,-0.007843137254901933,-0.023166023166023085,-0.034351145038167885,0,0,0
03/1974,50.5,42.4,contraction,-0.001976284584980265,-0.013671875000000056,-0.03256704980842917,0,0,0
04/1974,49.8,42.3,contraction,-0.013861386138613917,-0.023529411764705938,-0.04414587332053751,0,0,0
05/1974,49.6,42.4,contraction,-0.004016064257028027,-0.019762845849802372,-0.04247104247104239,0,0,0
06/1974,49.1,42.4,contraction,-0.010080645161290322,-0.027722772277227695,-0.04101562500000003,0,0,0
07/1974,48.5,42.4,contraction,-0.012219959266802473,-0.026104417670682674,-0.049019607843137254,0,0,0
08/1974,47.7,42.2,contraction,-0.016494845360824684,-0.0383064516129032,-0.057312252964426845,0,0,0
09/1974,46.8,42.1,contraction,-0.018867924528302004,-0.04684317718940945,-0.07326732673267332,0,0,0
10/1974,46.2,42.0,contraction,-0.0128205128205127,-0.04742268041237108,-0.07228915662650591,0,0,0
11/1974,45.5,41.5,contraction,-0.015151515151515213,-0.04612159329140467,-0.08266129032258067,0,0,0
12/1974,44.7,40.8,contraction,-0.01758241758241752,-0.044871794871794754,-0.08961303462321789,0,0,0
01/1975,44.4,40.6,contraction,-0.00671140939597325,-0.03896103896103905,-0.08453608247422684,0,0,0
02/1975,44.2,40.3,contraction,-0.004504504504504409,-0.028571428571428508,-0.07337526205450734,0,0,0
03/1975,44.1,39.9,contraction,-0.002262443438914059,-0.01342281879194634,-0.057692307692307605,0,0,0
04/1975,44.7,40.0,expansion,0.01360544217687078,0.006756756756756853,-0.032467532467532464,1,1,0
05/1975,45.0,40.0,expansion,0.00671140939597309,0.018099547511312153,-0.01098901098901099,1,1,0
06/1975,45.3,40.1,expansion,0.006666666666666604,0.0272108843537414,0.01342281879194618,1,1,1
07/1975,45.8,40.3,expansion,0.011037527593818985,0.024608501118568105,0.0315315315315315,1,1,1
08/1975,45.9,40.6,expansion,0.002183406113537149,0.01999999999999997,0.03846153846153836,1,1,1
09/1975,46.1,40.8,expansion,0.004357298474945596,0.01766004415011047,0.045351473922902494,1,1,1
10/1975,46.5,40.9,expansion,0.008676789587852464,0.015283842794759889,0.04026845637583886,1,1,1
11/1975,46.7,41.0,expansion,0.004301075268817265,0.017429193899782227,0.03777777777777784,1,1,1
12/1975,47.0,41.2,expansion,0.006423982869378953,0.01952277657266808,0.037527593818984614,1,1,1
01/1976,47.7,41.7,expansion,0.014893617021276655,0.025806451612903288,0.041484716157205365,1,1,1
02/1976,48.4,41.9,expansion,0.014675052410901378,0.03640256959314766,0.054466230936819175,1,1,1
03/1976,48.6,42.1,expansion,0.004132231404958737,0.03404255319148939,0.05422993492407809,1,1,1
04/1976,48.8,42.3,expansion,0.0041152263374484715,0.023060796645702184,0.049462365591397786,1,1,1
05/1976,49.2,42.3,expansion,0.008196721311475526,0.016528925619834798,0.05353319057815845,1,1,1
06/1976,49.3,42.5,expansion,0.0020325203252031365,0.01440329218106987,0.048936170212765896,1,1,1
07/1976,49.8,42.6,expansion,0.010141987829614604,0.020491803278688527,0.04402515723270428,1,1,1
08/1976,50.0,42.8,expansion,0.004016064257028169,0.01626016260162596,0.03305785123966945,1,1,1
09/1976,50.4,42.9,expansion,0.007999999999999972,0.02231237322515216,0.03703703703703698,1,1,1
10/1976,50.4,42.8,expansion,0.0,0.012048192771084366,0.03278688524590167,0,1,1
11/1976,50.9,43.2,expansion,0.00992063492063492,0.01799999999999997,0.034552845528455195,1,1,1
12/1976,51.4,43.6,expansion,0.009823182711198428,0.01984126984126984,0.04259634888438137,1,1,1
01/1977,51.4,43.4,expansion,0.0,0.01984126984126984,0.03212851405622493,0,1,1
02/1977,51.7,43.8,expansion,0.005836575875486465,0.01571709233791757,0.03400000000000006,1,1,1
03/1977,52.5,44.1,expansion,0.01547388781431329,0.02140077821011676,0.0416666666666667,1,1,1
04/1977,52.6,44.3,expansion,0.0019047619047619319,0.02334630350194558,0.04365079365079371,1,1,1
05/1977,52.9,44.5,expansion,0.005703422053231885,0.023210831721469937,0.03929273084479371,1,1,1
06/1977,53.3,44.8,expansion,0.007561436672967837,0.015238095238095184,0.036964980544747054,1,1,1
07/1977,53.4,44.9,expansion,0.0018761726078799516,0.015209125475285117,0.038910505836575876,1,1,1
08/1977,53.6,45.0,expansion,0.0037453183520599785,0.013232514177693815,0.03675048355899417,1,1,1
09/1977,53.7,45.3,expansion,0.0018656716417910712,0.0075046904315198065,0.022857142857142913,1,1,1
10/1977,53.8,45.5,expansion,0.0018621973929235439,0.007490636704119823,0.022813688212927674,1,1,1
11/1977,54.0,45.8,expansion,0.003717472118959161,0.007462686567164152,0.020793950850661654,1,1,1
12/1977,54.1,46.0,expansion,0.0018518518518518782,0.007448789571694573,0.015009380863039481,1,1,1
01/1978,53.8,45.6,expansion,-0.00554528650646958,0.0,0.007490636704119823,0,0,1
02/1978,54.1,46.0,expansion,0.005576208178438741,0.0018518518518518782,0.009328358208955223,1,1,1
03/1978,54.6,46.4,expansion,0.009242144177449167,0.009242144177449167,0.01675977653631282,1,1,1
04/1978,55.2,47.0,expansion,0.010989010989011014,0.026022304832713863,0.026022304832713863,1,1,1
05/1978,55.5,47.1,expansion,0.0054347826086956,0.025878003696857645,0.027777777777777776,1,1,1
06/1978,55.7,47.4,expansion,0.003603603603603655,0.020146520146520172,0.029574861367837362,1,1,1
07/1978,55.6,47.4,expansion,-0.0017953321364452678,0.007246376811594177,0.03345724907063205,0,1,1
08/1978,56.0,47.7,expansion,0.007194244604316521,0.009009009009009009,0.03512014787430681,1,1,1
09/1978,56.2,47.7,expansion,0.003571428571428622,0.008976660682226212,0.02930402930402933,1,1,1
10/1978,56.3,48.0,expansion,0.001779359430604881,0.01258992805755388,0.019927536231883956,1,1,1
11/1978,56.0,48.2,expansion,-0.005328596802841868,0.0,0.009009009009009009,0,0,1
12/1978,56.0,48.4,expansion,0.0,-0.003558718861210015,0.005385996409335676,0,0,1
01/1979,55.7,48.4,expansion,-0.005357142857142806,-0.010657193605683736,0.0017985611510791622,0,0,1
02/1979,55.6,48.5,expansion,-0.0017953321364452678,-0.0071428571428571175,-0.0071428571428571175,0,0,0
03/1979,56.1,48.9,expansion,0.008992805755395683,0.001785714285714311,-0.0017793594306050075,1,1,0
04/1979,55.1,48.4,expansion,-0.017825311942959002,-0.010771992818671479,-0.021314387211367598,0,0,0
05/1979,55.4,48.7,expansion,0.005444646098003578,-0.0035971223021583243,-0.01071428571428574,1,0,0
06/1979,55.1,48.7,expansion,-0.005415162454873595,-0.017825311942959002,-0.016071428571428546,0,0,0
07/1979,54.7,48.7,expansion,-0.00725952813067148,-0.00725952813067148,-0.017953321364452424,0,0,0
08/1979,54.4,48.7,expansion,-0.0054844606946984325,-0.018050541516245487,-0.02158273381294969,0,0,0
09/1979,54.2,48.6,expansion,-0.003676470588235216,-0.016333938294010864,-0.033868092691622075,0,0,0
10/1979,53.7,48.7,expansion,-0.00922509225092251,-0.018281535648994516,-0.025408348457350245,0,0,0
11/1979,53.0,48.8,expansion,-0.013035381750465602,-0.025735294117647033,-0.04332129963898915,0,0,0
12/1979,52.6,48.8,expansion,-0.007547169811320728,-0.029520295202952053,-0.045372050816696916,0,0,0
01/1980,52.5,48.9,expansion,-0.0019011406844106733,-0.02234636871508385,-0.040219378427787986,0,0,0
02/1980,52.4,48.8,contraction,-0.0019047619047619319,-0.011320754716981159,-0.03676470588235294,0,0,0
03/1980,51.1,48.5,contraction,-0.02480916030534346,-0.028517110266159697,-0.05719557195571958,0,0,0
04/1980,49.5,48.1,contraction,-0.03131115459882586,-0.05714285714285714,-0.07821229050279334,0,0,0
05/1980,48.9,47.6,contraction,-0.01212121212121215,-0.06679389312977099,-0.07735849056603776,0,0,0
06/1980,49.1,47.5,contraction,0.004089979550102308,-0.03913894324853229,-0.06653992395437262,1,0,0
07/1980,49.5,47.4,contraction,0.0081466395112016,0.0,-0.05714285714285714,1,0,0
08/1980,49.9,47.6,expansion,0.008080808080808051,0.02044989775051125,-0.04770992366412214,1,1,0
09/1980,50.3,48.0,expansion,0.008016032064128228,0.0244399185336048,-0.015655577299412998,1,1,0
10/1980,50.7,48.5,expansion,0.007952286282306277,0.0242424242424243,0.0242424242424243,1,1,1
11/1980,50.8,48.8,expansion,0.001972386587771091,0.01803607214428855,0.038854805725971345,1,1,1
12/1980,50.5,49.0,expansion,-0.0059055118110235665,0.003976143141153138,0.028513238289205673,0,1,1
01/1981,49.9,48.9,expansion,-0.011881188118811909,-0.01577909270216971,0.008080808080808051,0,0,1
02/1981,49.6,48.8,expansion,-0.006012024048096136,-0.023622047244094405,-0.006012024048096136,0,0,0
03/1981,49.7,48.8,expansion,0.002016129032258093,-0.015841584158415786,-0.011928429423459131,1,0,0
04/1981,50.0,48.8,expansion,0.00603621730382288,0.0020040080160320926,-0.013806706114398477,1,1,0
05/1981,49.7,48.9,expansion,-0.005999999999999943,0.002016129032258093,-0.021653543307086503,0,1,0
06/1981,49.3,49.0,expansion,-0.008048289738430697,-0.008048289738430697,-0.023762376237623818,0,0,0
07/1981,48.9,49.3,expansion,-0.008113590263691656,-0.02200000000000003,-0.02004008016032064,0,0,0
08/1981,48.7,49.3,contraction,-0.004089979550102162,-0.02012072434607646,-0.01814516129032255,0,0,0
09/1981,48.1,49.2,contraction,-0.012320328542094484,-0.024340770791074967,-0.03219315895372236,0,0,0
10/1981,47.7,48.9,contraction,-0.008316008316008287,-0.02453987730061341,-0.045999999999999944,0,0,0
11/1981,47.6,48.7,contraction,-0.0020964360587002392,-0.022587268993839865,-0.04225352112676059,0,0,0
12/1981,47.4,48.5,contraction,-0.004201680672268967,-0.014553014553014611,-0.03853955375253547,0,0,0
01/1982,46.9,48.1,contraction,-0.010548523206751054,-0.016771488469601765,-0.0408997955010225,0,0,0
02/1982,47.2,48.5,contraction,0.006396588486140816,-0.008403361344537785,-0.030800821355236138,1,0,0
03/1982,46.9,48.4,contraction,-0.00635593220338992,-0.010548523206751054,-0.024948024948025005,0,0,0
04/1982,46.9,48.4,contraction,0.0,0.0,-0.016771488469601765,0,0,0
05/1982,46.7,48.3,contraction,-0.0042643923240937255,-0.01059322033898305,-0.018907563025210055,0,0,0
06/1982,46.4,48.1,contraction,-0.006423982869379106,-0.010660980810234541,-0.02109704641350211,0,0,0
07/1982,46.5,47.9,contraction,0.002155172413793134,-0.008528784648187604,-0.008528784648187604,1,0,0
08/1982,46.1,47.8,contraction,-0.008602150537634377,-0.01284796573875806,-0.02330508474576274,0,0,0
09/1982,46.5,47.7,contraction,0.008676789587852464,0.002155172413793134,-0.008528784648187604,1,1,0
10/1982,46.7,47.4,contraction,0.004301075268817265,0.004301075268817265,-0.0042643923240937255,1,1,0
11/1982,46.9,47.4,contraction,0.004282655246252585,0.017353579175704927,0.004282655246252585,1,1,1
12/1982,47.3,47.4,expansion,0.008528784648187604,0.017204301075268755,0.0193965517241379,1,1,1
01/1983,48.1,47.8,expansion,0.016913319238900725,0.029978586723768703,0.03440860215053766,1,1,1
02/1983,48.7,47.7,expansion,0.012474012474012502,0.03837953091684444,0.05639913232104125,1,1,1
03/1983,49.3,48.0,expansion,0.012320328542094338,0.042283298097251586,0.0602150537634408,1,1,1
04/1983,49.7,48.2,expansion,0.0081135902636918,0.033264033264033294,0.06423982869379015,1,1,1
05/1983,50.5,48.5,expansion,0.01609657947686111,0.036960985626283305,0.07675906183368873,1,1,1
06/1983,51.1,48.8,expansion,0.011881188118811909,0.036511156186612666,0.0803382663847781,1,1,1
07/1983,51.7,49.1,expansion,0.011741682974559714,0.04024144869215292,0.07484407484407488,1,1,1
08/1983,51.9,49.2,expansion,0.0038684719535782537,0.027722772277227695,0.06570841889117034,1,1,1
09/1983,52.5,49.8,expansion,0.011560693641618524,0.027397260273972573,0.06490872210953352,1,1,1
10/1983,53.2,50.2,expansion,0.013333333333333388,0.029013539651837523,0.0704225352112676,1,1,1
11/1983,53.6,50.5,expansion,0.007518796992481176,0.032755298651252464,0.06138613861386141,1,1,1
12/1983,54.2,50.9,expansion,0.011194029850746294,0.032380952380952434,0.06066536203522507,1,1,1
01/1984,54.8,51.3,expansion,0.011070110701106906,0.030075187969924703,0.059961315280464104,1,1,1
02/1984,55.3,51.5,expansion,0.009124087591240877,0.03171641791044768,0.06551059730250479,1,1,1
03/1984,55.4,51.7,expansion,0.0018083182640144923,0.02214022140221394,0.05523809523809521,1,1,1
04/1984,55.7,52.0,expansion,0.005415162454873723,0.01642335766423368,0.046992481203007516,1,1,1
05/1984,56.1,52.2,expansion,0.007181328545780944,0.01446654611211581,0.046641791044776115,1,1,1
06/1984,56.3,52.6,expansion,0.0035650623885917243,0.016245487364620913,0.03874538745387443,1,1,1
07/1984,56.4,52.6,expansion,0.0017761989342806649,0.012567324955116619,0.02919708029197083,1,1,1
08/1984,56.5,52.8,expansion,0.0017730496453900962,0.007130124777183575,0.02169981916817365,1,1,1
09/1984,56.5,53.0,expansion,0.0,0.0035523978685613297,0.01985559566787006,0,1,1
10/1984,56.7,53.0,expansion,0.0035398230088496078,0.005319148936170288,0.017953321364452424,1,1,1
11/1984,57.0,53.3,expansion,0.00529100529100524,0.008849557522123894,0.016042780748663076,1,1,1
12/1984,57.4,53.4,expansion,0.007017543859649098,0.015929203539822984,0.01953818827708706,1,1,1
01/1985,57.7,53.4,expansion,0.005226480836237008,0.01763668430335097,0.023049645390070997,1,1,1
02/1985,58.0,53.5,expansion,0.005199306759098737,0.017543859649122806,0.02654867256637168,1,1,1
03/1985,58.2,53.7,expansion,0.0034482758620690145,0.013937282229965231,0.03008849557522129,1,1,1
04/1985,58.3,53.7,expansion,0.0017182130584191462,0.010398613518197474,0.02821869488536145,1,1,1
05/1985,58.5,53.9,expansion,0.003430531732418574,0.008620689655172414,0.02631578947368421,1,1,1
06/1985,58.8,53.8,expansion,0.00512820512820508,0.010309278350515367,0.024390243902439,1,1,1
07/1985,59.0,53.8,expansion,0.0034013605442177355,0.012006861063464887,0.022530329289428025,1,1,1
08/1985,59.2,54.1,expansion,0.0033898305084746243,0.011965811965812015,0.02068965517241384,1,1,1
09/1985,59.4,54.3,expansion,0.003378378378378306,0.010204081632653086,0.020618556701030855,1,1,1
10/1985,59.5,54.3,expansion,0.0016835016835017075,0.00847457627118644,0.0205831903945112,1,1,1
11/1985,59.7,54.4,expansion,0.003361344537815174,0.008445945945945945,0.02051282051282056,1,1,1
12/1985,60.0,54.6,expansion,0.005025125628140656,0.010101010101010124,0.020408163265306173,1,1,1
01/1986,60.2,54.8,expansion,0.003333333333333381,0.01176470588235299,0.020338983050847505,1,1,1
02/1986,60.4,54.8,expansion,0.0033222591362125535,0.011725293132328236,0.0202702702702702,1,1,1
03/1986,60.5,54.9,expansion,0.0016556291390728713,0.008333333333333333,0.018518518518518542,1,1,1
04/1986,60.8,55.2,expansion,0.004958677685950366,0.00996677740863778,0.021848739495798273,1,1,1
05/1986,61.1,55.1,expansion,0.0049342105263158595,0.01158940397350998,0.02345058626465659,1,1,1
06/1986,61.5,55.2,expansion,0.006546644844517162,0.01652892561983471,0.025,1,1,1
07/1986,61.5,55.4,expansion,0.0,0.01151315789473689,0.02159468438538201,0,1,1
08/1986,61.6,55.5,expansion,0.0016260162601626248,0.008183306055646482,0.019867549668874218,1,1,1
09/1986,61.8,55.8,expansion,0.0032467532467531776,0.004878048780487759,0.021487603305785075,1,1,1
10/1986,61.9,55.8,expansion,0.0016181229773463014,0.006504065040650383,0.01809210526315792,1,1,1
11/1986,62.1,55.9,expansion,0.0032310177705977845,0.008116883116883116,0.016366612111292964,1,1,1
12/1986,62.5,56.3,expansion,0.006441223832528157,0.011326860841423994,0.016260162601626018,1,1,1
01/1987,62.5,55.9,expansion,0.0,0.009693053311793239,0.016260162601626018,0,1,1
02/1987,62.9,56.5,expansion,0.006399999999999977,0.012882447665056314,0.02110389610389606,1,1,1
03/1987,63.1,56.7,expansion,0.003179650238473813,0.009600000000000023,0.021035598705501687,1,1,1
04/1987,63.2,56.8,expansion,0.0015847860538827482,0.011200000000000045,0.02100161550888537,1,1,1
05/1987,63.4,56.9,expansion,0.0031645569620252488,0.00794912559618442,0.02093397745571654,1,1,1
06/1987,63.7,57.1,expansion,0.004731861198738238,0.009508716323296378,0.019200000000000047,1,1,1
07/1987,64.0,57.4,expansion,0.004709576138147522,0.01265822784810122,0.024,1,1,1
08/1987,64.2,57.6,expansion,0.0031250000000000444,0.012618296529968522,0.02066772655007956,1,1,1
09/1987,64.5,57.8,expansion,0.004672897196261638,0.0125588697017268,0.022187004754358138,1,1,1
10/1987,64.7,58.1,expansion,0.003100775193798494,0.010937500000000044,0.02373417721518987,1,1,1
11/1987,64.5,58.3,expansion,-0.0030911901081916975,0.004672897196261638,0.01735015772870665,0,1,1
12/1987,64.5,58.7,expansion,0.0,0.0,0.0125588697017268,0,0,1
01/1988,64.7,58.6,expansion,0.003100775193798494,0.0,0.010937500000000044,1,0,1
02/1988,65.2,59.0,expansion,0.0077279752704791345,0.010852713178294617,0.01557632398753894,1,1,1
03/1988,65.5,59.2,expansion,0.004601226993864987,0.015503875968992248,0.015503875968992248,1,1,1
04/1988,65.6,59.3,expansion,0.0015267175572518216,0.01391035548686231,0.01391035548686231,1,1,1
05/1988,65.9,59.4,expansion,0.004573170731707491,0.010736196319018449,0.021705426356589234,1,1,1
06/1988,66.3,59.7,expansion,0.006069802731411099,0.012213740458015224,0.027906976744186,1,1,1
07/1988,66.3,59.8,expansion,0.0,0.010670731707317117,0.024729520865533143,0,1,1
08/1988,66.5,59.9,expansion,0.0030165912518854126,0.009104704097116757,0.01993865030674842,1,1,1
09/1988,66.6,60.0,expansion,0.001503759398496155,0.004524886877828011,0.016793893129770907,1,1,1
10/1988,66.9,60.3,expansion,0.004504504504504675,0.009049773755656238,0.01981707317073188,1,1,1
11/1988,67.0,60.4,expansion,0.0014947683109117235,0.007518796992481203,0.016691957511380792,1,1,1
12/1988,67.2,60.8,expansion,0.002985074626865714,0.009009009009009137,0.01357466063348425,1,1,1
01/1989,67.3,61.0,expansion,0.0014880952380951534,0.0059790732436471065,0.015082956259426848,1,1,1
02/1989,67.3,61.0,expansion,0.0,0.004477611940298465,0.012030075187969882,0,1,1
03/1989,67.0,61.0,expansion,-0.004457652303120315,-0.0029761904761905185,0.006006006006006092,0,0,1
04/1989,67.1,61.1,expansion,0.001492537313432751,-0.00297176820208028,0.002989536621823447,1,0,1
05/1989,66.9,60.9,expansion,-0.0029806259314454344,-0.005943536404160349,-0.001492537313432751,0,0,0
06/1989,66.8,61.0,expansion,-0.001494768310911936,-0.002985074626865714,-0.005952380952381037,0,0,0
07/1989,66.5,60.8,expansion,-0.004491017964071814,-0.008941877794336727,-0.011887072808320909,0,0,0
08/1989,66.7,61.2,expansion,0.003007518796992524,-0.0029895366218236595,-0.00891530460624063,1,0,0
09/1989,66.7,61.2,expansion,0.0,-0.001497005988023867,-0.004477611940298465,0,0,0
10/1989,66.5,61.2,expansion,-0.00299850074962523,0.0,-0.008941877794336727,0,0,0
11/1989,66.6,61.4,expansion,0.001503759398496155,-0.0014992503748127214,-0.004484304932735596,1,0,0
12/1989,66.6,61.5,expansion,0.0,-0.0014992503748127214,-0.002994011976047947,0,0,0
01/1990,66.5,61.5,expansion,-0.0015015015015014163,0.0,0.0,0,0,0
02/1990,66.3,61.8,expansion,-0.003007518796992524,-0.004504504504504462,-0.00599700149925046,0,0,0
03/1990,66.4,62.0,expansion,0.0015082956259428134,-0.0030030030030028325,-0.004497751124437738,1,0,0
04/1990,66.1,62.0,expansion,-0.004518072289156797,-0.006015037593985048,-0.006015037593985048,0,0,0
05/1990,66.1,62.1,expansion,0.0,-0.0030165912518854126,-0.007507507507507508,0,0,0
06/1990,66.1,62.2,expansion,0.0,-0.004518072289156797,-0.007507507507507508,0,0,0
07/1990,65.8,62.2,contraction,-0.004538577912254118,-0.004538577912254118,-0.010526315789473727,0,0,0
08/1990,64.8,62.2,contraction,-0.015197568389057751,-0.01966717095310132,-0.02262443438914027,0,0,0
09/1990,63.9,61.9,contraction,-0.013888888888888867,-0.03328290468986378,-0.037650602409638655,0,0,0
10/1990,63.0,61.6,contraction,-0.014084507042253499,-0.04255319148936166,-0.04689863842662624,0,0,0
11/1990,61.8,61.3,contraction,-0.019047619047619094,-0.0462962962962963,-0.06505295007564293,0,0,0
12/1990,61.1,61.2,contraction,-0.01132686084142388,-0.04381846635367758,-0.0756429652042359,0,0,0
01/1991,60.3,60.8,contraction,-0.01309328968903444,-0.0428571428571429,-0.08358662613981763,0,0,0
02/1991,60.1,60.7,contraction,-0.003316749585406231,-0.027508090614886665,-0.0725308641975308,0,0,0
03/1991,59.9,60.6,contraction,-0.003327787021630663,-0.0196399345335516,-0.06259780907668232,0,0,0
04/1991,60.4,60.8,expansion,0.008347245409015025,0.0016583747927031746,-0.04126984126984129,1,1,0
05/1991,60.8,61.0,expansion,0.006622516556291367,0.011647254575707084,-0.016181229773462785,1,1,0
06/1991,60.7,61.2,expansion,-0.0016447368421051698,0.013355592654424112,-0.006546644844517162,0,1,0
07/1991,61.4,61.3,expansion,0.011532125205930737,0.016556291390728478,0.018242122719734685,1,1,1
08/1991,61.5,61.3,expansion,0.0016286644951140298,0.01151315789473689,0.023294509151414285,1,1,1
09/1991,62.0,61.5,expansion,0.008130081300813009,0.021416803953871452,0.03505843071786313,1,1,1
10/1991,61.9,61.4,expansion,-0.0016129032258064746,0.008143322475570033,0.024834437086092717,0,1,1
11/1991,61.9,61.4,expansion,0.0,0.006504065040650383,0.01809210526315792,0,1,1
12/1991,61.8,61.4,expansion,-0.0016155088852988922,-0.003225806451612949,0.018121911037891174,0,0,1
01/1992,62.2,61.6,expansion,0.0064724919093852055,0.004846526655896677,0.013029315960912122,1,1,1
02/1992,62.4,61.8,expansion,0.0032154340836012176,0.008077544426494346,0.014634146341463391,1,1,1
03/1992,63.0,62.0,expansion,0.009615384615384638,0.019417475728155387,0.016129032258064516,1,1,1
04/1992,63.4,62.2,expansion,0.006349206349206327,0.01929260450160765,0.024232633279483037,1,1,1
05/1992,64.0,62.3,expansion,0.009463722397476363,0.025641025641025664,0.033925686591276275,1,1,1
06/1992,64.4,62.5,expansion,0.006250000000000089,0.022222222222222313,0.042071197411003375,1,1,1
07/1992,64.7,62.7,expansion,0.004658385093167658,0.020504731861198805,0.04019292604501608,1,1,1
08/1992,64.9,62.6,expansion,0.0030911901081916975,0.014062500000000089,0.04006410256410268,1,1,1
09/1992,65.2,62.7,expansion,0.004622496147919833,0.012422360248447159,0.03492063492063496,1,1,1
10/1992,65.2,62.7,expansion,0.0,0.0077279752704791345,0.02839116719242909,0,1,1
11/1992,65.7,62.9,expansion,0.007668711656441718,0.01232665639445296,0.026562500000000044,1,1,1
12/1992,66.6,63.9,expansion,0.01369863013698617,0.02147239263803668,0.034161490683229635,1,1,1
01/1993,67.0,63.4,expansion,0.006006006006006092,0.02760736196319014,0.03554868624420397,1,1,1
02/1993,67.5,63.6,expansion,0.007462686567164179,0.02739726027397256,0.040061633281972174,1,1,1
03/1993,67.5,63.4,expansion,0.0,0.0135135135135136,0.03527607361963186,0,1,1
04/1993,67.9,63.7,expansion,0.00592592592592601,0.013432835820895607,0.041411042944785315,1,1,1
05/1993,68.2,63.8,expansion,0.0044182621502208705,0.010370370370370412,0.0380517503805175,1,1,1
06/1993,68.4,63.9,expansion,0.0029325513196481355,0.013333333333333417,0.0270270270270272,1,1,1
07/1993,68.5,64.0,expansion,0.0014619883040934841,0.008836524300441741,0.022388059701492536,1,1,1
08/1993,69.0,64.1,expansion,0.0072992700729927005,0.011730205278592334,0.022222222222222223,1,1,1
09/1993,69.4,64.2,expansion,0.005797101449275445,0.014619883040935672,0.02814814814814823,1,1,1
10/1993,69.8,64.3,expansion,0.005763688760806793,0.01897810218978098,0.02798232695139899,1,1,1
11/1993,70.2,64.6,expansion,0.005730659025788047,0.01739130434782613,0.029325513196480937,1,1,1
12/1993,71.2,65.5,expansion,0.014245014245014245,0.02593659942363108,0.04093567251461984,1,1,1
01/1994,71.2,65.1,expansion,0.0,0.02005730659025796,0.039416058394160625,0,1,1
02/1994,71.5,65.3,expansion,0.004213483146067376,0.018518518518518476,0.036231884057971016,1,1,1
03/1994,72.5,65.7,expansion,0.013986013986013986,0.018258426966292093,0.04466858789625352,1,1,1
04/1994,73.0,66.0,expansion,0.006896551724137931,0.025280898876404452,0.045845272206303765,1,1,1
05/1994,73.5,66.2,expansion,0.00684931506849315,0.027972027972027972,0.047008547008546966,1,1,1
06/1994,74.1,66.5,expansion,0.008163265306122372,0.0220689655172413,0.04073033707865156,1,1,1
07/1994,74.4,66.5,expansion,0.004048582995951571,0.0191780821917809,0.04494382022471914,1,1,1
08/1994,75.1,67.0,expansion,0.00940860215053748,0.02176870748299312,0.05034965034965027,1,1,1
09/1994,75.5,67.1,expansion,0.005326231691078638,0.018893387314440024,0.041379310344827586,1,1,1
10/1994,76.1,67.5,expansion,0.007947019867549594,0.022849462365591242,0.04246575342465746,1,1,1
11/1994,76.3,67.8,expansion,0.002628120893561141,0.015978695073235724,0.03809523809523806,1,1,1
12/1994,76.8,68.1,expansion,0.006553079947575361,0.017218543046357577,0.03643724696356279,1,1,1
01/1995,77.0,68.3,expansion,0.002604166666666704,0.011826544021025042,0.034946236559139705,1,1,1
02/1995,77.0,68.3,expansion,0.0,0.009174311926605542,0.025299600532623246,0,1,1
03/1995,77.0,68.5,expansion,0.0,0.002604166666666704,0.019867549668874173,0,1,1
04/1995,77.1,68.4,expansion,0.001298701298701225,0.001298701298701225,0.01314060446780552,1,1,1
05/1995,77.2,68.6,expansion,0.0012970168612193066,0.0025974025974026343,0.011795543905635723,1,1,1
06/1995,77.2,68.9,expansion,0.0,0.0025974025974026343,0.005208333333333408,0,1,1
07/1995,77.2,68.7,expansion,0.0,0.0012970168612193066,0.0025974025974026343,0,1,1
08/1995,77.6,69.2,expansion,0.0051813471502589565,0.0051813471502589565,0.0077922077922077185,1,1,1
09/1995,77.9,69.4,expansion,0.0038659793814434457,0.009067357512953404,0.011688311688311762,1,1,1
10/1995,77.8,69.5,expansion,-0.0012836970474969002,0.007772020725388527,0.009079118028534408,0,1,1
11/1995,77.8,69.8,expansion,0.0,0.002577319587628903,0.007772020725388527,0,1,1
12/1995,77.9,69.9,expansion,0.0012853470437019091,0.0,0.009067357512953404,1,0,1
01/1996,76.5,69.8,expansion,-0.017971758664955144,-0.016709511568123357,-0.009067357512953404,0,0,0
02/1996,77.4,70.3,expansion,0.011764705882353016,-0.005141388174807088,-0.0025773195876287198,1,0,0
03/1996,77.6,70.4,expansion,0.0025839793281652278,-0.003851091142490518,-0.003851091142490518,1,0,0
04/1996,77.9,70.7,expansion,0.0038659793814434457,0.018300653594771316,0.0012853470437019091,1,1,1
05/1996,78.6,71.1,expansion,0.008985879332477388,0.0155038759689921,0.01028277634961436,1,1,1
06/1996,79.1,71.4,expansion,0.0063613231552162855,0.019329896907216496,0.015404364569961342,1,1,1
07/1996,79.0,71.5,expansion,-0.0012642225031604846,0.014120667522464624,0.032679738562091505,0,1,1
08/1996,79.2,71.7,expansion,0.002531645569620289,0.007633587786259651,0.023255813953488334,1,1,1
09/1996,79.5,72.0,expansion,0.003787878787878752,0.0050568900126422974,0.024484536082474303,1,1,1
10/1996,79.8,72.1,expansion,0.0037735849056603414,0.010126582278480976,0.024390243902438914,1,1,1
11/1996,80.4,72.5,expansion,0.00751879699248131,0.015151515151515187,0.02290076335877877,1,1,1
12/1996,80.5,72.6,expansion,0.0012437810945272925,0.012578616352201259,0.01769911504424786,1,1,1
01/1997,81.0,73.0,expansion,0.006211180124223602,0.015037593984962442,0.02531645569620253,1,1,1
02/1997,82.1,73.5,expansion,0.013580246913580177,0.021144278606965033,0.036616161616161505,1,1,1
03/1997,82.4,73.8,expansion,0.0036540803897687135,0.02360248447204976,0.036477987421383716,1,1,1
04/1997,82.6,74.0,expansion,0.0024271844660192794,0.019753086419753017,0.03508771929824558,1,1,1
05/1997,83.2,74.2,expansion,0.00726392251815991,0.013398294762484879,0.03482587064676613,1,1,1
06/1997,83.8,74.6,expansion,0.0072115384615383925,0.016990291262135818,0.04099378881987574,1,1,1
07/1997,84.7,75.0,expansion,0.010739856801909376,0.025423728813559428,0.045679012345679046,1,1,1
08/1997,85.1,75.3,expansion,0.004722550177095531,0.02283653846153836,0.03654080389768575,1,1,1
09/1997,85.7,75.7,expansion,0.007050528789659325,0.02267303102625305,0.04004854368932035,1,1,1
10/1997,85.9,76.0,expansion,0.0023337222870478745,0.014167650531286928,0.039951573849879074,1,1,1
11/1997,86.1,76.5,expansion,0.002328288707799635,0.011750881316098707,0.03485576923076913,1,1,1
12/1997,86.4,76.7,expansion,0.0034843205574914215,0.008168028004667477,0.03102625298329366,1,1,1
01/1998,86.5,77.1,expansion,0.0011574074074073416,0.006984866123399235,0.02125147579693031,1,1,1
02/1998,87.4,77.5,expansion,0.010404624277456713,0.01509872241579572,0.027027027027027164,1,1,1
03/1998,87.6,77.8,expansion,0.002288329519450671,0.013888888888888756,0.022170361726954392,1,1,1
04/1998,87.4,78.0,expansion,-0.0022831050228309204,0.010404624277456713,0.017462165308498253,0,1,1
05/1998,87.9,78.4,expansion,0.005720823798627002,0.005720823798627002,0.02090592334494787,1,1,1
06/1998,87.5,78.4,expansion,-0.004550625711035331,-0.0011415525114154602,0.012731481481481415,0,0,1
07/1998,87.7,78.4,expansion,0.0022857142857143184,0.0034324942791761686,0.01387283236994223,1,1,1
08/1998,87.7,79.0,expansion,0.0,-0.0022753128555176656,0.0034324942791761686,0,0,1
09/1998,87.1,79.3,expansion,-0.006841505131128946,-0.004571428571428637,-0.005707762557077626,0,0,0
10/1998,86.6,79.6,expansion,-0.0057405281285878304,-0.012542759407069653,-0.009153318077803334,0,0,0
11/1998,86.9,79.8,expansion,0.0034642032332564826,-0.009122006841505098,-0.011376564277588168,1,0,0
12/1998,87.2,80.1,expansion,0.0034522439585730398,0.001148105625717664,-0.0034285714285713963,1,1,0
01/1999,87.1,80.2,expansion,-0.0011467889908257857,0.005773672055427252,-0.006841505131128946,0,1,0
02/1999,87.5,80.7,expansion,0.004592422502870329,0.0069044879171460795,-0.002280501710376315,1,1,0
03/1999,87.5,80.8,expansion,0.0,0.0034403669724770315,0.004592422502870329,0,1,1
04/1999,87.6,80.8,expansion,0.0011428571428570779,0.0057405281285878304,0.011547344110854504,1,1,1
05/1999,88.1,81.2,expansion,0.005707762557077626,0.006857142857142793,0.013808975834292159,1,1,1
06/1999,88.4,81.4,expansion,0.0034052213393871893,0.010285714285714351,0.013761467889908289,1,1,1
07/1999,88.9,81.6,expansion,0.005656108597285068,0.014840182648401957,0.02066590126291632,1,1,1
08/1999,89.0,82.0,expansion,0.001124859392575864,0.010215664018161246,0.017142857142857144,1,1,1
09/1999,89.1,81.9,expansion,0.0011235955056179137,0.007918552036198966,0.01828571428571422,1,1,1
10/1999,89.5,82.5,expansion,0.00448933782267122,0.006749156355455504,0.021689497716895042,1,1,1
11/1999,90.1,82.9,expansion,0.006703910614525076,0.012359550561797689,0.022701475595913737,1,1,1
12/1999,91.0,83.4,expansion,0.009988901220865768,0.021324354657688057,0.029411764705882287,1,1,1
01/2000,91.7,83.8,expansion,0.007692307692307724,0.024581005586592212,0.03149606299212595,1,1,1
02/2000,91.2,83.7,expansion,-0.0054525627044711015,0.012208657047724846,0.024719101123595537,0,1,1
03/2000,92.1,84.2,expansion,0.009868421052631485,0.012087912087912026,0.03367003367003367,1,1,1
04/2000,92.3,84.6,expansion,0.0021715526601520396,0.006543075245365259,0.031284916201117285,1,1,1
05/2000,91.4,84.6,expansion,-0.009750812567713884,0.002192982456140382,0.014428412874583922,0,1,1
06/2000,91.8,84.8,expansion,0.004376367614879556,-0.0032573289902279824,0.00879120879120876,1,0,1
07/2000,91.4,84.9,expansion,-0.004357298474945441,-0.009750812567713884,-0.0032715376226826296,0,0,0
08/2000,90.9,85.0,expansion,-0.005470459518599562,-0.005470459518599562,-0.003289473684210495,0,0,0
09/2000,91.2,85.3,expansion,0.0033003300330032687,-0.006535947712418239,-0.009771986970683946,1,0,0
10/2000,90.2,85.2,expansion,-0.010964912280701754,-0.01312910284463898,-0.02275189599133255,0,0,0
11/2000,89.7,85.1,expansion,-0.005543237250554323,-0.013201320132013231,-0.018599562363238543,0,0,0
12/2000,88.3,85.2,expansion,-0.015607580824972192,-0.03179824561403515,-0.03812636165577342,0,0,0
01/2001,87.6,85.2,expansion,-0.00792751981879958,-0.028824833702882576,-0.041575492341356796,0,0,0
02/2001,86.5,85.2,expansion,-0.012557077625570711,-0.03567447045707918,-0.048404840484048466,0,0,0
03/2001,85.1,85.0,contraction,-0.01618497109826596,-0.03624009060022653,-0.0668859649122808,0,0,0
04/2001,84.1,84.7,contraction,-0.011750881316098707,-0.039954337899543384,-0.06762749445676285,0,0,0
05/2001,84.3,84.6,contraction,0.0023781212841855275,-0.025433526011560726,-0.060200668896321134,1,0,0
06/2001,83.7,84.2,contraction,-0.007117437722419862,-0.01645123384253809,-0.052095130237825533,0,0,0
07/2001,83.4,84.1,contraction,-0.0035842293906809693,-0.008323424494649092,-0.04794520547945193,0,0,0
08/2001,83.2,84.2,contraction,-0.0023980815347722164,-0.01304863582443647,-0.03815028901734101,0,0,0
09/2001,81.7,83.7,contraction,-0.018028846153846152,-0.02389486260454002,-0.039952996474735505,0,0,0
10/2001,81.1,83.9,contraction,-0.0073439412484701165,-0.02757793764988023,-0.03567181926278241,0,0,0
11/2001,81.5,83.6,contraction,0.004932182490752228,-0.020432692307692343,-0.03321470937129297,1,0,0
12/2001,81.8,83.6,expansion,0.00368098159509199,0.0012239902080782657,-0.02270011947431309,1,1,0
01/2002,81.9,83.7,expansion,0.0012224938875306666,0.009864364981504456,-0.017985611510791366,1,1,0
02/2002,82.5,83.7,expansion,0.007326007326007256,0.012269938650306749,-0.008413461538461573,1,1,0
03/2002,83.0,83.8,expansion,0.006060606060606061,0.014669926650366783,0.015911872705018325,1,1,1
04/2002,83.7,84.0,expansion,0.008433734939759071,0.02197802197802194,0.032059186189889136,1,1,1
05/2002,84.3,84.1,expansion,0.007168458781361939,0.021818181818181785,0.034355828220858864,1,1,1
06/2002,84.5,84.4,expansion,0.002372479240806677,0.018072289156626505,0.03300733496332522,1,1,1
07/2002,84.1,84.3,expansion,-0.004733727810650954,0.004778972520907903,0.02686202686202672,0,1,1
08/2002,84.3,84.4,expansion,0.0023781212841855275,0.0,0.021818181818181785,1,0,1
09/2002,83.9,84.3,expansion,-0.004744958481613185,-0.007100591715976264,0.010843373493975973,0,0,1
10/2002,83.8,84.2,expansion,-0.0011918951132301374,-0.0035671819262782065,0.0011947431302269333,0,0,1
11/2002,84.2,84.5,expansion,0.004773269689737538,-0.0011862396204032541,-0.0011862396204032541,1,0,0
12/2002,84.3,84.3,expansion,0.0011876484560569395,0.004767580452920041,-0.002366863905325477,1,1,0
01/2003,84.4,84.5,expansion,0.0011862396204034226,0.007159904534606307,0.0035671819262783756,1,1,1
02/2003,84.2,84.2,expansion,-0.002369668246445531,0.0,-0.0011862396204032541,0,0,0
03/2003,84.1,84.3,expansion,-0.0011876484560571084,-0.002372479240806677,0.0023837902264599357,0,0,1
04/2003,83.9,84.2,expansion,-0.0023781212841853584,-0.005924170616113744,0.0011933174224344693,0,0,1
05/2003,84.7,84.6,expansion,0.009535160905840251,0.0059382422802850355,0.0059382422802850355,1,1,1
06/2003,85.4,84.8,expansion,0.008264462809917389,0.015457788347205844,0.013048635824436638,1,1,1
07/2003,85.7,85.0,expansion,0.0035128805620608565,0.02145411203814061,0.0154028436018957,1,1,1
08/2003,86.3,85.0,expansion,0.007001166861143457,0.01889020070838246,0.02494061757719708,1,1,1
09/2003,87.3,85.3,expansion,0.011587485515643106,0.02224824355971887,0.038049940546967934,1,1,1
10/2003,88.2,85.5,expansion,0.01030927835051553,0.029171528588098017,0.0512514898688915,1,1,1
11/2003,89.2,85.9,expansion,0.011337868480725623,0.03360370799536507,0.053128689492325853,1,1,1
12/2003,90.1,85.8,expansion,0.010089686098654613,0.03207331042382586,0.05503512880562047,1,1,1
01/2004,91.0,85.7,expansion,0.009988901220865768,0.03174603174603171,0.06184364060676776,1,1,1
02/2004,91.9,86.0,expansion,0.009890109890109952,0.030269058295964157,0.0648899188876015,1,1,1
03/2004,93.2,86.4,expansion,0.01414581066376493,0.034406215316315304,0.06758304696449033,1,1,1
04/2004,93.4,86.5,expansion,0.0021459227467811462,0.026373626373626436,0.05895691609977327,1,1,1
05/2004,94.3,86.9,expansion,0.00963597430406843,0.026115342763873683,0.05717488789237662,1,1,1
06/2004,94.9,86.8,expansion,0.006362672322375488,0.018240343347639514,0.05327413984461722,1,1,1
07/2004,95.5,87.1,expansion,0.006322444678609002,0.02248394004282649,0.04945054945054945,1,1,1
08/2004,96.0,87.3,expansion,0.005235602094240838,0.018027571580063656,0.04461371055495097,1,1,1
09/2004,96.8,87.5,expansion,0.008333333333333304,0.02002107481559527,0.03862660944206003,1,1,1
10/2004,97.1,87.8,expansion,0.003099173553718979,0.01675392670157062,0.039614561027837135,1,1,1
11/2004,97.9,87.8,expansion,0.008238928939238017,0.019791666666666725,0.03817603393425248,1,1,1
12/2004,99.0,89.2,expansion,0.011235955056179716,0.022727272727272756,0.043203371970495195,1,1,1
01/2005,99.6,88.4,expansion,0.006060606060606003,0.025746652935118436,0.04293193717277481,1,1,1
02/2005,100.1,88.6,expansion,0.0050200803212851405,0.022471910112359432,0.04270833333333327,1,1,1
03/2005,99.9,88.6,expansion,-0.0019980019980018844,0.009090909090909148,0.03202479338842984,0,1,1
04/2005,100.4,89.1,expansion,0.005005005005005005,0.008032128514056339,0.033985581874356456,1,1,1
05/2005,100.3,89.2,expansion,-0.0009960159362550648,0.0019980019980020266,0.024514811031664877,0,1,1
06/2005,101.1,89.6,expansion,0.007976071784646033,0.012012012012011897,0.021212121212121154,1,1,1
07/2005,101.2,89.7,expansion,0.0009891196834817856,0.007968127490039813,0.016064257028112535,1,1,1
08/2005,101.9,89.8,expansion,0.006916996047430858,0.01595214356929221,0.017982017982018098,1,1,1
09/2005,101.6,89.3,expansion,-0.0029440628066733205,0.004945598417408507,0.0170170170170169,0,1,1
10/2005,101.8,89.8,expansion,0.001968503937007902,0.0059288537549406556,0.013944223107569636,1,1,1
11/2005,102.3,90.4,expansion,0.004911591355599214,0.003925417075564195,0.019940179461615155,1,1,1
12/2005,102.4,90.8,expansion,0.000977517106549448,0.007874015748031609,0.01285855588526223,1,1,1
01/2006,103.1,91.2,expansion,0.006835937499999889,0.01277013752455793,0.01877470355731217,1,1,1
02/2006,103.2,91.6,expansion,0.00096993210475275,0.008797653958944338,0.012757605495583878,1,1,1
03/2006,103.5,91.8,expansion,0.0029069767441860187,0.010742187499999944,0.01870078740157486,1,1,1
04/2006,103.0,91.8,expansion,-0.004830917874396135,-0.0009699321047526122,0.011787819253438142,0,0,1
05/2006,102.6,91.9,expansion,-0.0038834951456311233,-0.005813953488372175,0.002932551319648066,0,0,1
06/2006,102.3,91.9,expansion,-0.002923976608187107,-0.011594202898550753,-0.0009765625000000833,0,0,0
07/2006,102.0,91.9,expansion,-0.002932551319648066,-0.009708737864077669,-0.010669253152279286,0,0,0
08/2006,101.7,92.0,expansion,-0.0029411764705882075,-0.008771929824561321,-0.014534883720930232,0,0,0
09/2006,101.6,92.2,expansion,-0.0009832841691249608,-0.00684261974584558,-0.01835748792270537,0,0,0
10/2006,101.5,92.4,expansion,-0.000984251968503881,-0.004901960784313725,-0.014563106796116505,0,0,0
11/2006,101.3,92.6,expansion,-0.0019704433497537226,-0.003933136676499564,-0.012670565302144223,0,0,0
12/2006,101.6,93.2,expansion,0.0029615004935833874,0.0,-0.00684261974584558,1,0,0
01/2007,101.3,93.1,expansion,-0.0029527559055117832,-0.0019704433497537226,-0.006862745098039243,0,0,0
02/2007,101.2,93.5,expansion,-0.0009871668311944159,-0.0009871668311944159,-0.004916420845624385,0,0,0
03/2007,101.6,93.7,expansion,0.00395256916996039,0.0,0.0,1,0,0
04/2007,101.2,93.9,expansion,-0.003937007874015665,-0.0009871668311944159,-0.002955665024630514,0,0,0
05/2007,101.2,94.1,expansion,0.0,0.0,-0.0009871668311944159,0,0,0
06/2007,100.9,94.1,expansion,-0.0029644268774703278,-0.006889763779527448,-0.006889763779527448,0,0,0
07/2007,100.7,94.0,expansion,-0.0019821605550049835,-0.004940711462450593,-0.005923000987166775,0,0,0
08/2007,100.2,94.2,expansion,-0.004965243296921549,-0.009881422924901186,-0.009881422924901186,0,0,0
09/2007,99.6,94.3,expansion,-0.005988023952095893,-0.012884043607532323,-0.01968503937007874,0,0,0
10/2007,99.0,94.3,expansion,-0.006024096385542112,-0.016881827209533296,-0.021739130434782636,0,0,0
11/2007,98.1,94.4,expansion,-0.009090909090909148,-0.020958083832335415,-0.03063241106719376,0,0,0
12/2007,97.2,94.3,expansion,-0.009174311926605418,-0.02409638554216859,-0.0366699702675917,0,0,0
01/2008,96.0,94.4,contraction,-0.012345679012345708,-0.030303030303030304,-0.04667328699106259,0,0,0
02/2008,94.8,94.1,contraction,-0.01250000000000003,-0.03363914373088683,-0.05389221556886233,0,0,0
03/2008,93.4,93.8,contraction,-0.014767932489451387,-0.039094650205761285,-0.062248995983935636,0,0,0
04/2008,92.8,93.6,contraction,-0.006423982869379106,-0.03333333333333336,-0.06262626262626265,0,0,0
05/2008,91.9,93.3,contraction,-0.009698275862068874,-0.03059071729957797,-0.06320081549439337,0,0,0
06/2008,91.5,93.0,contraction,-0.004352557127312358,-0.020342612419700274,-0.058641975308642,0,0,0
07/2008,89.4,92.5,contraction,-0.022950819672131084,-0.036637931034482665,-0.06874999999999994,0,0,0
08/2008,88.3,92.2,contraction,-0.01230425055928421,-0.03917301414581075,-0.06856540084388185,0,0,0
09/2008,86.6,90.9,contraction,-0.01925254813137036,-0.053551912568306076,-0.07280513918629562,0,0,0
10/2008,83.7,91.0,contraction,-0.03348729792147796,-0.063758389261745,-0.09806034482758615,0,0,0
11/2008,81.5,90.3,contraction,-0.026284348864994058,-0.07701019252548129,-0.11316648531011975,0,0,0
12/2008,79.2,89.2,contraction,-0.028220858895705487,-0.08545034642032323,-0.1344262295081967,0,0,0
01/2009,77.7,87.8,contraction,-0.01893939393939394,-0.07168458781362007,-0.13087248322147654,0,0,0
02/2009,76.7,87.2,contraction,-0.01287001287001287,-0.05889570552147236,-0.131370328425821,0,0,0
03/2009,75.4,86.3,contraction,-0.016949152542372843,-0.04797979797979794,-0.1293302540415703,0,0,0
04/2009,75.5,85.8,contraction,0.0013262599469495266,-0.02831402831402835,-0.09796893667861413,1,0,0
05/2009,75.9,85.6,contraction,0.005298013245033188,-0.010430247718383275,-0.06871165644171773,1,0,0
06/2009,76.4,85.2,contraction,0.006587615283267457,0.01326259946949602,-0.03535353535353532,1,1,0
07/2009,76.8,85.4,expansion,0.005235602094240726,0.017218543046357577,-0.011583011583011655,1,1,0
08/2009,77.5,85.5,expansion,0.00911458333333337,0.021080368906455788,0.010430247718383275,1,1,1
09/2009,78.2,85.6,expansion,0.009032258064516166,0.023560209424083732,0.03713527851458882,1,1,1
10/2009,78.5,85.6,expansion,0.003836317135549836,0.022135416666666706,0.039735099337748346,1,1,1
11/2009,79.3,85.9,expansion,0.010191082802547734,0.023225806451612867,0.044795783926218594,1,1,1
12/2009,80.1,86.0,expansion,0.010088272383354316,0.024296675191815748,0.0484293193717276,1,1,1
01/2010,80.6,86.1,expansion,0.006242197253433209,0.026751592356687826,0.04947916666666663,1,1,1
02/2010,80.6,86.2,expansion,0.0,0.016393442622950786,0.039999999999999925,0,1,1
03/2010,82.0,86.7,expansion,0.017369727047146472,0.023720349563046264,0.048593350383631675,1,1,1
04/2010,82.3,87.2,expansion,0.003658536585365819,0.021091811414392096,0.04840764331210187,1,1,1
05/2010,82.6,87.8,expansion,0.003645200486026697,0.02481389578163772,0.04161412358133666,1,1,1
06/2010,82.7,88.0,expansion,0.0012106537530267377,0.008536585365853694,0.03245942571785279,1,1,1
07/2010,82.7,88.2,expansion,0.0,0.004860267314702378,0.02605459057071971,0,1,1
08/2010,83.0,88.4,expansion,0.0036275695284159267,0.004842615012106606,0.029776674937965333,1,1,1
09/2010,83.4,88.4,expansion,0.004819277108433803,0.008464328899637276,0.017073170731707388,1,1,1
10/2010,83.3,88.6,expansion,-0.0011990407673861932,0.007255139056831853,0.012150668286755772,0,1,1
11/2010,84.1,88.7,expansion,0.009603841536614612,0.013253012048192703,0.018159806295399518,1,1,1
12/2010,85.0,89.1,expansion,0.010701545778834788,0.019184652278177387,0.027811366384522335,1,1,1
01/2011,85.2,89.7,expansion,0.002352941176470622,0.022809123649459855,0.03022974607013301,1,1,1
02/2011,85.8,89.6,expansion,0.007042253521126694,0.02021403091557673,0.03373493975903611,1,1,1
03/2011,86.7,89.9,expansion,0.010489510489510556,0.020000000000000035,0.03956834532374097,1,1,1
04/2011,86.7,89.8,expansion,0.0,0.017605633802816902,0.04081632653061232,0,1,1
05/2011,87.4,89.7,expansion,0.00807381776239911,0.01864801864801875,0.039239001189060776,1,1,1
06/2011,87.4,90.1,expansion,0.0,0.00807381776239911,0.028235294117647126,0,1,1
07/2011,87.8,90.5,expansion,0.004576659038901504,0.01268742791234134,0.030516431924882563,1,1,1
08/2011,87.2,90.7,expansion,-0.006833712984054605,-0.0022883295194508334,0.016317016317016386,0,0,1
09/2011,86.7,90.6,expansion,-0.00573394495412844,-0.008009153318077835,0.0,0,0,0
10/2011,87.2,91.0,expansion,0.0057670126874279125,-0.006833712984054605,0.0057670126874279125,1,0,1
11/2011,87.2,90.9,expansion,0.0,0.0,-0.0022883295194508334,0,0,0
12/2011,87.7,91.5,expansion,0.00573394495412844,0.011534025374855825,0.0034324942791761686,1,1,1
01/2012,88.0,92.0,expansion,0.0034207525655643918,0.009174311926605472,0.0022779043280182557,1,1,1
02/2012,88.6,92.4,expansion,0.006818181818181754,0.016055045871559533,0.016055045871559533,1,1,1
03/2012,89.1,92.5,expansion,0.0056433408577878106,0.015963511972633883,0.02768166089965388,1,1,1
04/2012,88.9,92.8,expansion,-0.0022446689113354507,0.010227272727272791,0.01949541284403673,0,1,1
05/2012,89.1,92.9,expansion,0.002249718785151728,0.0056433408577878106,0.021788990825687974,1,1,1
06/2012,88.7,92.9,expansion,-0.004489337822671061,-0.004489337822671061,0.011402508551881414,0,0,1
07/2012,88.8,92.8,expansion,0.0011273957158962156,-0.0011248593925760237,0.00909090909090906,1,0,1
08/2012,88.5,92.7,expansion,-0.0033783783783783465,-0.00673400673400667,-0.001128668171557498,0,0,0
09/2012,88.9,93.0,expansion,0.004519774011299499,0.002254791431792591,-0.0022446689113354507,1,1,0
10/2012,89.0,93.3,expansion,0.001124859392575864,0.0022522522522522843,0.001124859392575864,1,1,1
11/2012,89.0,94.1,expansion,0.0,0.005649717514124294,-0.0011223344556677253,0,1,0
12/2012,89.1,95.1,expansion,0.0011235955056179137,0.002249718785151728,0.004509582863585022,1,1,1
01/2013,89.7,93.4,expansion,0.00673400673400683,0.007865168539325874,0.0101351351351352,1,1,1
02/2013,90.0,93.5,expansion,0.003344481605351139,0.011235955056179775,0.01694915254237288,1,1,1
03/2013,89.8,93.7,expansion,-0.002222222222222254,0.007856341189674555,0.010123734533183255,0,1,1
04/2013,90.3,93.8,expansion,0.005567928730512249,0.006688963210702278,0.014606741573033676,1,1,1
05/2013,90.6,94.2,expansion,0.003322259136212593,0.006666666666666604,0.017977528089887576,1,1,1
06/2013,90.6,94.2,expansion,0.0,0.008908685968819567,0.016835016835016835,0,1,1
07/2013,90.9,94.1,expansion,0.003311258278145821,0.006644518272425344,0.013377926421404713,1,1,1
08/2013,91.4,94.4,expansion,0.0055005500550055,0.008830022075055314,0.01555555555555562,1,1,1
09/2013,92.1,94.7,expansion,0.007658643326039262,0.016556291390728478,0.025612472160356316,1,1,1
10/2013,92.3,94.8,expansion,0.0021715526601520396,0.015401540154015307,0.0221483942414175,1,1,1
11/2013,93.0,95.2,expansion,0.007583965330444234,0.017505470459518536,0.02649006622516563,1,1,1
12/2013,93.2,95.3,expansion,0.0021505376344086325,0.011943539630836142,0.028697571743929454,1,1,1
01/2014,93.3,95.3,expansion,0.001072961373390497,0.010834236186348862,0.026402640264026306,1,1,1
02/2014,94.0,95.8,expansion,0.007502679528403031,0.010752688172043012,0.02844638949671766,1,1,1
03/2014,94.9,96.3,expansion,0.009574468085106444,0.018240343347639514,0.030401737242128246,1,1,1
04/2014,95.0,96.5,expansion,0.001053740779768117,0.01822079314040732,0.02925243770314196,1,1,1
05/2014,95.4,96.7,expansion,0.0042105263157895334,0.014893617021276655,0.025806451612903288,1,1,1
06/2014,96.2,97.0,expansion,0.008385744234800808,0.013698630136986271,0.032188841201716736,1,1,1
07/2014,96.7,97.3,expansion,0.005197505197505197,0.017894736842105293,0.03644158628081464,1,1,1
08/2014,96.8,97.5,expansion,0.001034126163391875,0.014675052410901378,0.02978723404255316,1,1,1
09/2014,97.5,97.7,expansion,0.007231404958677716,0.013513513513513483,0.027397260273972542,1,1,1
10/2014,97.6,98.0,expansion,0.0010256410256409673,0.009307135470527316,0.027368421052631518,1,1,1
11/2014,97.9,98.4,expansion,0.0030737704918033953,0.011363636363636452,0.02620545073375262,1,1,1
12/2014,98.6,98.7,expansion,0.007150153217568831,0.011282051282051224,0.02494802494802486,1,1,1
01/2015,98.5,98.9,expansion,-0.0010141987829614028,0.009221311475409895,0.018614270941054778,0,1,1
02/2015,98.8,98.9,expansion,0.0030456852791877886,0.009193054136874273,0.02066115702479339,1,1,1
03/2015,99.0,98.8,expansion,0.002024291497975737,0.0040567951318459,0.015384615384615385,1,1,1
04/2015,99.4,99.0,expansion,0.004040404040404098,0.00913705583756351,0.01844262295081979,1,1,1
05/2015,99.7,98.9,expansion,0.00301810865191144,0.009109311740890746,0.018386108273748692,1,1,1
06/2015,100.3,98.9,expansion,0.006018054162487406,0.013131313131313103,0.01724137931034486,1,1,1
07/2015,99.8,99.2,expansion,-0.004985044865403789,0.004024144869215205,0.013197969543147179,0,1,1
08/2015,99.8,99.3,expansion,0.0,0.0010030090270811867,0.010121457489878543,0,1,1
09/2015,99.7,99.5,expansion,-0.0010020040080159752,-0.0059820538384844895,0.0070707070707071,0,0,1
10/2015,99.9,99.5,expansion,0.002006018054162516,0.0010020040080161176,0.005030181086519115,1,1,1
11/2015,100.3,99.4,expansion,0.004004004004003918,0.00501002004008016,0.006018054162487406,1,1,1
12/2015,100.2,99.4,expansion,-0.000997008973080701,0.0050150451354062184,-0.000997008973080701,0,1,0
01/2016,99.6,99.6,expansion,-0.005988023952095893,-0.0030030030030031166,-0.0020040080160320926,0,0,0
02/2016,99.5,99.7,expansion,-0.001004016064256971,-0.007976071784646033,-0.003006012024048068,0,0,0
03/2016,99.5,99.6,expansion,0.0,-0.006986027944111805,-0.002006018054162516,0,0,0
04/2016,99.8,99.6,expansion,0.0030150753768843934,0.0020080321285140847,-0.0010010010010010862,1,1,0
05/2016,99.7,99.5,expansion,-0.0010020040080159752,0.00201005025125631,-0.0059820538384844895,0,1,0
06/2016,99.9,99.8,expansion,0.002006018054162516,0.00402010050251262,-0.0029940119760478758,1,1,0
07/2016,100.1,100.0,expansion,0.002002002002001888,0.003006012024048068,0.0050200803212851405,1,1,1
08/2016,100.2,100.2,expansion,0.0009990009990010842,0.0050150451354062184,0.007035175879397014,1,1,1
09/2016,100.3,100.3,expansion,0.0009980039920159114,0.004004004004003918,0.008040201005025097,1,1,1
10/2016,100.2,100.4,expansion,-0.000997008973080701,0.0009990009990010842,0.004008016032064185,0,1,1
11/2016,100.3,100.4,expansion,0.0009980039920159114,0.0009980039920159114,0.006018054162487406,1,1,1
12/2016,100.8,100.9,expansion,0.004985044865403789,0.004985044865403789,0.009009009009008924,1,1,1
01/2017,101.5,101.0,expansion,0.006944444444444473,0.012974051896207556,0.013986013986014043,1,1,1
02/2017,101.9,101.0,expansion,0.003940886699507445,0.01595214356929221,0.016966067864271486,1,1,1
03/2017,102.4,101.3,expansion,0.004906771344455348,0.01587301587301596,0.020937188434695997,1,1,1
04/2017,102.7,101.5,expansion,0.0029296874999999722,0.011822660098522196,0.0249500998003992,1,1,1
05/2017,103.1,101.9,expansion,0.0038948393378772294,0.011776251226692723,0.027916251246261188,1,1,1
06/2017,103.7,102.0,expansion,0.0058195926285160866,0.012695312499999972,0.028769841269841327,1,1,1
07/2017,104.0,102.2,expansion,0.0028929604628736465,0.012658227848101238,0.024630541871921183,1,1,1
08/2017,104.4,102.3,expansion,0.003846153846153901,0.012609117361784786,0.02453385672227674,1,1,1
09/2017,104.8,102.5,expansion,0.003831417624520991,0.010607521697203416,0.023437499999999917,1,1,1
10/2017,105.8,103.0,expansion,0.009541984732824428,0.01730769230769228,0.030185004868549116,1,1,1
11/2017,106.4,103.4,expansion,0.005671077504725979,0.019157088122605363,0.032007759456838134,1,1,1
12/2017,107.1,103.6,expansion,0.006578947368420946,0.021946564885496157,0.03278688524590156,1,1,1
01/2018,108.0,103.5,expansion,0.008403361344537869,0.020793950850661654,0.038461538461538464,1,1,1
02/2018,108.7,103.7,expansion,0.006481481481481508,0.02161654135338343,0.041187739463601505,1,1,1
03/2018,109.3,103.9,expansion,0.005519779208831594,0.020541549953314687,0.042938931297709926,1,1,1
04/2018,109.8,104.2,expansion,0.004574565416285453,0.01666666666666664,0.03780718336483932,1,1,1
05/2018,110.2,104.3,expansion,0.0036429872495446786,0.013799448022079117,0.035714285714285685,1,1,1
06/2018,111.0,104.6,expansion,0.00725952813067148,0.015553522415370566,0.03641456582633059,1,1,1
07/2018,111.5,104.8,expansion,0.0045045045045045045,0.01548269581056469,0.032407407407407406,1,1,1
08/2018,111.8,105.2,expansion,0.00269058295964123,0.01451905626134296,0.02851885924563012,1,1,1
09/2018,112.4,105.2,expansion,0.005366726296958932,0.012612612612612664,0.028362305580969888,1,1,1
10/2018,112.5,105.2,expansion,0.0008896797153024405,0.008968609865470852,0.024590163934426257,1,1,1
11/2018,112.5,105.2,expansion,0.0,0.006261180679785356,0.020871143375680554,0,1,1
12/2018,112.5,105.7,expansion,0.0,0.0008896797153024405,0.013513513513513514,0,1,1
01/2019,112.2,105.7,expansion,-0.0026666666666666414,-0.0026666666666666414,0.006278026905829622,0,0,1
02/2019,112.4,105.7,expansion,0.0017825311942959254,-0.0008888888888888384,0.005366726296958932,1,0,1
03/2019,112.7,105.7,expansion,0.002669039145907448,0.001777777777777803,0.002669039145907448,1,1,1
04/2019,112.9,105.4,expansion,0.0017746228926353402,0.006238859180035676,0.003555555555555606,1,1,1
05/2019,112.9,105.5,expansion,0.0,0.004448398576512455,0.003555555555555606,0,1,1
06/2019,112.9,105.7,expansion,0.0,0.0017746228926353402,0.003555555555555606,0,1,1
07/2019,113.1,105.6,expansion,0.001771479185119474,0.001771479185119474,0.008021390374331475,1,1,1
08/2019,112.8,106.0,expansion,-0.0026525198938991794,-0.0008857395925598629,0.0035587188612098883,0,0,1
09/2019,112.5,106.0,expansion,-0.002659574468085081,-0.0035429583702391997,-0.0017746228926353402,0,0,0
10/2019,112.1,105.8,expansion,-0.003555555555555606,-0.008841732979664015,-0.007085916740478399,0,0,0
11/2019,112.2,106.2,contraction,0.0008920606601249646,-0.005319148936170162,-0.006200177147918537,1,0,0
12/2019,112.0,106.1,contraction,-0.0017825311942959254,-0.0044444444444444444,-0.007971656333038138,0,0,0
01/2020,112.5,106.3,contraction,0.004464285714285714,0.003568242640499605,-0.005305039787798359,1,1,0
02/2020,112.4,106.8,contraction,-0.0008888888888888384,0.0017825311942959254,-0.0035460992907800663,0,1,0
03/2020,107.0,104.1,contraction,-0.048042704626334566,-0.044642857142857144,-0.04888888888888889,0,0,0
04/2020,101.3,92.9,contraction,-0.053271028037383206,-0.09955555555555558,-0.09634255129348794,0,0,0
05/2020,103.0,95.6,expansion,0.01678183613030605,-0.08362989323843421,-0.08199643493761143,1,0,0
06/2020,105.3,99.5,expansion,0.022330097087378615,-0.015887850467289747,-0.059821428571428595,1,0,0
07/2020,107.1,101.3,expansion,0.017094017094017068,0.05725567620927934,-0.04800000000000005,1,1,0
08/2020,108.0,102.3,expansion,0.008403361344537869,0.04854368932038835,-0.039145907473309656,1,1,0
09/2020,108.6,102.9,expansion,0.005555555555555503,0.03133903133903131,0.01495327102803733,1,1,1
10/2020,109.3,103.9,expansion,0.006445672191528572,0.020541549953314687,0.07897334649555775,1,1,1
11/2020,110.1,103.9,expansion,0.007319304666056699,0.019444444444444393,0.0689320388349514,1,1,1
12/2020,110.8,104.1,expansion,0.006357856494096302,0.02025782688766117,0.052231718898385564,1,1,1
01/2021,111.5,104.8,expansion,0.006317689530685946,0.020128087831656018,0.041083099906629374,1,1,1
02/2021,111.4,103.8,expansion,-0.0008968609865470343,0.01180744777475033,0.031481481481481534,0,1,1
03/2021,112.6,105.4,expansion,0.010771992818671352,0.016245487364620913,0.03683241252302026,1,1,1
04/2021,113.8,105.6,expansion,0.010657193605683863,0.020627802690582935,0.04117108874656908,1,1,1
05/2021,114.8,105.6,expansion,0.008787346221441126,0.030520646319569043,0.04268846503178931,1,1,1
06/2021,115.5,106.0,expansion,0.006097560975609781,0.025754884547069323,0.04241877256317692,1,1,1
07/2021,116.6,106.4,expansion,0.009523809523809474,0.024604569420035124,0.045739910313901296,1,1,1
08/2021,117.4,106.4,expansion,0.006861063464837148,0.022648083623693454,0.05385996409335727,1,1,1
09/2021,117.6,106.4,expansion,0.0017035775127767344,0.018181818181818132,0.04440497335701599,1,1,1
10/2021,118.1,107.1,expansion,0.004251700680272109,0.012864493996569469,0.037785588752196814,1,1,1
11/2021,118.8,107.4,expansion,0.005927180355630846,0.011925042589437745,0.03484320557491289,1,1,1
12/2021,119.3,107.3,expansion,0.004208754208754209,0.014455782312925195,0.032900432900432874,1,1,1
01/2022,118.5,107.8,expansion,-0.006705783738474411,0.0033869602032176606,0.01629502572898804,0,1,1
02/2022,119.4,108.1,expansion,0.007594936708860808,0.005050505050505122,0.017035775127768313,1,1,1
03/2022,119.3,108.1,expansion,-0.0008375209380235219,0.0,0.014455782312925195,0,0,1
04/2022,118.8,108.6,expansion,-0.004191114836546521,0.0025316455696202294,0.005927180355630846,0,1,1
05/2022,118.3,108.8,expansion,-0.004208754208754209,-0.009212730318258028,-0.004208754208754209,0,0,0
06/2022,118.3,108.8,expansion,0.0,-0.008382229673093043,-0.008382229673093043,0,0,0
