month,LEI,CEI,NBER,delta_1m_LEI,delta_3m_LEI,delta_6m_LEI,sign_delta_1m_LEI,sign_delta_3m_LEI,sign_delta_6m_LEI,color,sec_deriv_delta_6m
Jul-72,50.3,39.5,expansion,0.013916501,0.031959885,0.054444905,1,1,1,dark green,0.0
Ago-72,51.0,39.9,expansion,0.013916501,0.031322855,0.054422627,1,1,1,dark green,-2.2278000000000575e-05
Set-72,51.6,40.2,expansion,0.011764706,0.030759583,0.053431162,1,1,1,dark green,-0.0009914650000000039
Oct-72,52.0,40.7,expansion,0.007751938,0.033797217,0.055480926,1,1,1,dark green,0.0020497640000000025
Nov-72,52.5,41.0,expansion,0.009615385,0.029411765,0.054355793,1,1,1,dark green,-0.0011251330000000004
Dic-72,53.1,41.4,expansion,0.011428571,0.029069767,0.050456767,1,1,1,dark green,-0.003899026
Ene-73,53.4,41.5,expansion,0.005649718,0.026923077,0.061630219,1,1,1,dark green,0.011173452
Feb-73,53.6,41.7,expansion,0.003745318,0.020952381,0.050980392,1,1,1,dark green,-0.010649827
Mar-73,53.6,41.8,expansion,0.0,0.009416196,0.03875969,0,1,1,dark green,-0.012220702
Abr-73,53.3,41.8,expansion,-0.005597015,-0.001872659,0.025,0,0,1,dark green,-0.013759689999999998
May-73,53.3,41.9,expansion,0.0,-0.005597015,0.015238095,0,0,1,orange,-0.009761905000000001
Jun-73,53.2,42.0,expansion,-0.001876173,-0.007462687,0.001883239,0,0,1,orange,-0.013354856
Jul-73,52.9,42.2,expansion,-0.005639098,-0.00750469,-0.009363296,0,0,0,orange,-0.011246535
Ago-73,52.4,42.0,expansion,-0.009451796,-0.016885553,-0.02238806,0,0,0,orange,-0.013024764000000001
Set-73,52.2,42.2,expansion,-0.003816794,-0.018796992,-0.026119403,0,0,0,orange,-0.003731342999999998
Oct-73,52.1,42.7,expansion,-0.001915709,-0.015122873,-0.022514071,0,0,0,orange,0.0036053319999999993
Nov-73,51.8,42.9,expansion,-0.005758157,-0.011450382,-0.028142589,0,0,0,orange,-0.005628517999999999
Dic-73,51.2,42.8,contraction,-0.011583012,-0.019157088,-0.037593985,0,0,0,red,-0.009451396000000004
Ene-74,51.0,42.6,contraction,-0.00390625,-0.021113244,-0.035916824,0,0,0,red,0.0016771610000000034
Feb-74,50.6,42.5,contraction,-0.007843137,-0.023166023,-0.034351145,0,0,0,red,0.0015656790000000004
Mar-74,50.5,42.4,contraction,-0.001976285,-0.013671875,-0.03256705,0,0,0,red,0.0017840949999999994
Abr-74,49.8,42.3,contraction,-0.013861386,-0.023529412,-0.044145873,0,0,0,red,-0.011578823000000002
May-74,49.6,42.4,contraction,-0.004016064,-0.019762846,-0.042471042,0,0,0,red,0.0016748310000000016
Jun-74,49.1,42.4,contraction,-0.010080645,-0.027722772,-0.041015625,0,0,0,red,0.0014554170000000005
Jul-74,48.5,42.4,contraction,-0.012219959,-0.026104418,-0.049019608,0,0,0,red,-0.008003983
Ago-74,47.7,42.2,contraction,-0.016494845,-0.038306452,-0.057312253,0,0,0,red,-0.008292645000000001
Set-74,46.8,42.1,contraction,-0.018867925,-0.046843177,-0.073267327,0,0,0,red,-0.015955073999999993
Oct-74,46.2,42.0,contraction,-0.012820513,-0.04742268,-0.072289157,0,0,0,red,0.0009781699999999866
Nov-74,45.5,41.5,contraction,-0.015151515,-0.046121593,-0.08266129,0,0,0,red,-0.010372132999999992
Dic-74,44.7,40.8,contraction,-0.017582418,-0.044871795,-0.089613035,0,0,0,red,-0.006951744999999995
Ene-75,44.4,40.6,contraction,-0.006711409,-0.038961039,-0.084536082,0,0,0,red,0.005076952999999995
Feb-75,44.2,40.3,contraction,-0.004504505,-0.028571429,-0.073375262,0,0,0,red,0.011160820000000002
Mar-75,44.1,39.9,contraction,-0.002262443,-0.013422819,-0.057692308,0,0,0,red,0.015682954
Abr-75,44.7,40.0,expansion,0.013605442,0.006756757,-0.032467532,1,1,0,light green,0.025224775999999997
May-75,45.0,40.0,expansion,0.006711409,0.018099548,-0.010989011,1,1,0,light green,0.021478521
Jun-75,45.3,40.1,expansion,0.006666667,0.027210884,0.013422819,1,1,1,light green,0.024411830000000002
Jul-75,45.8,40.3,expansion,0.011037528,0.024608501,0.031531532,1,1,1,light green,0.018108713
Ago-75,45.9,40.6,expansion,0.002183406,0.02,0.038461538,1,1,1,light green,0.0069300060000000024
Set-75,46.1,40.8,expansion,0.004357298,0.017660044,0.045351474,1,1,1,light green,0.006889935999999999
Oct-75,46.5,40.9,expansion,0.00867679,0.015283843,0.040268456,1,1,1,dark green,-0.005083018000000002
Nov-75,46.7,41.0,expansion,0.004301075,0.017429194,0.037777778,1,1,1,dark green,-0.002490678000000003
Dic-75,47.0,41.2,expansion,0.006423983,0.019522777,0.037527594,1,1,1,dark green,-0.0002501840000000005
Ene-76,47.7,41.7,expansion,0.014893617,0.025806452,0.041484716,1,1,1,dark green,0.003957122
Feb-76,48.4,41.9,expansion,0.014675052,0.03640257,0.054466231,1,1,1,dark green,0.012981514999999999
Mar-76,48.6,42.1,expansion,0.004132231,0.034042553,0.054229935,1,1,1,dark green,-0.00023629599999999695
Abr-76,48.8,42.3,expansion,0.004115226,0.023060797,0.049462366,1,1,1,dark green,-0.004767568999999999
May-76,49.2,42.3,expansion,0.008196721,0.016528926,0.053533191,1,1,1,dark green,0.004070825
Jun-76,49.3,42.5,expansion,0.00203252,0.014403292,0.04893617,1,1,1,dark green,-0.004597021
Jul-76,49.8,42.6,expansion,0.010141988,0.020491803,0.044025157,1,1,1,dark green,-0.004911012999999999
Ago-76,50.0,42.8,expansion,0.004016064,0.016260163,0.033057851,1,1,1,dark green,-0.010967306000000003
Set-76,50.4,42.9,expansion,0.008,0.022312373,0.037037037,1,1,1,dark green,0.003979186000000003
Oct-76,50.4,42.8,expansion,0.0,0.012048193,0.032786885,0,1,1,dark green,-0.004250152
Nov-76,50.9,43.2,expansion,0.009920635,0.018,0.034552846,1,1,1,dark green,0.0017659609999999965
Dic-76,51.4,43.6,expansion,0.009823183,0.01984127,0.042596349,1,1,1,dark green,0.008043503
Ene-77,51.4,43.4,expansion,0.0,0.01984127,0.032128514,0,1,1,dark green,-0.010467835000000002
Feb-77,51.7,43.8,expansion,0.005836576,0.015717092,0.034,1,1,1,dark green,0.0018714860000000055
Mar-77,52.5,44.1,expansion,0.015473888,0.021400778,0.041666667,1,1,1,dark green,0.007666666999999995
Abr-77,52.6,44.3,expansion,0.001904762,0.023346304,0.043650794,1,1,1,dark green,0.001984127000000002
May-77,52.9,44.5,expansion,0.005703422,0.023210832,0.039292731,1,1,1,dark green,-0.004358063000000002
Jun-77,53.3,44.8,expansion,0.007561437,0.015238095,0.036964981,1,1,1,dark green,-0.0023277499999999965
Jul-77,53.4,44.9,expansion,0.001876173,0.015209125,0.038910506,1,1,1,dark green,0.0019455249999999966
Ago-77,53.6,45.0,expansion,0.003745318,0.013232514,0.036750484,1,1,1,dark green,-0.0021600219999999976
Set-77,53.7,45.3,expansion,0.001865672,0.00750469,0.022857143,1,1,1,dark green,-0.013893341
Oct-77,53.8,45.5,expansion,0.001862197,0.007490637,0.022813688,1,1,1,dark green,-4.345500000000127e-05
Nov-77,54.0,45.8,expansion,0.003717472,0.007462687,0.020793951,1,1,1,dark green,-0.002019736999999997
Dic-77,54.1,46.0,expansion,0.001851852,0.00744879,0.015009381,1,1,1,dark green,-0.005784570000000001
Ene-78,53.8,45.6,expansion,-0.005545287,0.0,0.007490637,0,0,1,dark green,-0.007518744000000001
Feb-78,54.1,46.0,expansion,0.005576208,0.001851852,0.009328358,1,1,1,dark green,0.0018377210000000005
Mar-78,54.6,46.4,expansion,0.009242144,0.009242144,0.016759777,1,1,1,dark green,0.007431419
Abr-78,55.2,47.0,expansion,0.010989011,0.026022305,0.026022305,1,1,1,dark green,0.009262527999999999
May-78,55.5,47.1,expansion,0.005434783,0.025878004,0.027777778,1,1,1,dark green,0.0017554730000000004
Jun-78,55.7,47.4,expansion,0.003603604,0.02014652,0.029574861,1,1,1,dark green,0.0017970830000000014
Jul-78,55.6,47.4,expansion,-0.001795332,0.007246377,0.033457249,0,1,1,dark green,0.0038823880000000005
Ago-78,56.0,47.7,expansion,0.007194245,0.009009009,0.035120148,1,1,1,dark green,0.0016628989999999955
Set-78,56.2,47.7,expansion,0.003571429,0.008976661,0.029304029,1,1,1,dark green,-0.005816118999999998
Oct-78,56.3,48.0,expansion,0.001779359,0.012589928,0.019927536,1,1,1,dark green,-0.009376493
Nov-78,56.0,48.2,expansion,-0.005328597,0.0,0.009009009,0,0,1,dark green,-0.010918526999999999
Dic-78,56.0,48.4,expansion,0.0,-0.003558719,0.005385996,0,0,1,orange,-0.0036230130000000004
Ene-79,55.7,48.4,expansion,-0.005357143,-0.010657194,0.001798561,0,0,1,orange,-0.003587435
Feb-79,55.6,48.5,expansion,-0.001795332,-0.007142857,-0.007142857,0,0,0,orange,-0.008941418
Mar-79,56.1,48.9,expansion,0.008992806,0.001785714,-0.001779359,1,1,0,orange,0.0053634979999999995
Abr-79,55.1,48.4,expansion,-0.017825312,-0.010771993,-0.021314387,0,0,0,orange,-0.019535028
May-79,55.4,48.7,expansion,0.005444646,-0.003597122,-0.010714286,1,0,0,orange,0.010600101
Jun-79,55.1,48.7,expansion,-0.005415162,-0.017825312,-0.016071429,0,0,0,orange,-0.005357143000000002
Jul-79,54.7,48.7,expansion,-0.007259528,-0.007259528,-0.017953321,0,0,0,orange,-0.0018818919999999996
Ago-79,54.4,48.7,expansion,-0.005484461,-0.018050542,-0.021582734,0,0,0,orange,-0.003629412999999998
Set-79,54.2,48.6,expansion,-0.003676471,-0.016333938,-0.033868093,0,0,0,red,-0.012285359000000003
Oct-79,53.7,48.7,expansion,-0.009225092,-0.018281536,-0.025408348,0,0,0,red,0.008459745000000001
Nov-79,53.0,48.8,expansion,-0.013035382,-0.025735294,-0.0433213,0,0,0,red,-0.017912952
Dic-79,52.6,48.8,expansion,-0.00754717,-0.029520295,-0.045372051,0,0,0,red,-0.0020507509999999965
Ene-80,52.5,48.9,expansion,-0.001901141,-0.022346369,-0.040219378,0,0,0,red,0.0051526729999999965
Feb-80,52.4,48.8,contraction,-0.001904762,-0.011320755,-0.036764706,0,0,0,red,0.003454671999999999
Mar-80,51.1,48.5,contraction,-0.02480916,-0.02851711,-0.057195572,0,0,0,red,-0.020430866
Abr-80,49.5,48.1,contraction,-0.031311155,-0.057142857,-0.078212291,0,0,0,red,-0.021016719000000003
May-80,48.9,47.6,contraction,-0.012121212,-0.066793893,-0.077358491,0,0,0,red,0.0008538000000000018
Jun-80,49.1,47.5,contraction,0.00408998,-0.039138943,-0.066539924,1,0,0,red,0.010818567000000001
Jul-80,49.5,47.4,contraction,0.00814664,0.0,-0.057142857,1,0,0,red,0.009397067000000002
Ago-80,49.9,47.6,expansion,0.008080808,0.020449898,-0.047709924,1,1,0,light green,0.009432932999999998
Set-80,50.3,48.0,expansion,0.008016032,0.024439919,-0.015655577,1,1,0,light green,0.032054347
Oct-80,50.7,48.5,expansion,0.007952286,0.024242424,0.024242424,1,1,1,light green,0.039898001
Nov-80,50.8,48.8,expansion,0.001972387,0.018036072,0.038854806,1,1,1,light green,0.014612382
Dic-80,50.5,49.0,expansion,-0.005905512,0.003976143,0.028513238,0,1,1,light green,-0.010341567999999999
Ene-81,49.9,48.9,expansion,-0.011881188,-0.015779093,0.008080808,0,0,1,light green,-0.02043243
Feb-81,49.6,48.8,expansion,-0.006012024,-0.023622047,-0.006012024,0,0,0,orange,-0.014092832
Mar-81,49.7,48.8,expansion,0.002016129,-0.015841584,-0.011928429,1,0,0,orange,-0.0059164050000000004
Abr-81,50.0,48.8,expansion,0.006036217,0.002004008,-0.013806706,1,1,0,orange,-0.0018782769999999994
May-81,49.7,48.9,expansion,-0.006,0.002016129,-0.021653543,0,1,0,orange,-0.007846837
Jun-81,49.3,49.0,expansion,-0.00804829,-0.00804829,-0.023762376,0,0,0,orange,-0.002108833000000001
Jul-81,48.9,49.3,expansion,-0.00811359,-0.022,-0.02004008,0,0,0,orange,0.0037222960000000034
Ago-81,48.7,49.3,contraction,-0.00408998,-0.020120724,-0.018145161,0,0,0,orange,0.0018949189999999984
Set-81,48.1,49.2,contraction,-0.012320329,-0.024340771,-0.032193159,0,0,0,red,-0.014047997999999999
Oct-81,47.7,48.9,contraction,-0.008316008,-0.024539877,-0.046,0,0,0,red,-0.013806841
Nov-81,47.6,48.7,contraction,-0.002096436,-0.022587269,-0.042253521,0,0,0,red,0.003746478999999997
Dic-81,47.4,48.5,contraction,-0.004201681,-0.014553015,-0.038539554,0,0,0,red,0.0037139670000000055
Ene-82,46.9,48.1,contraction,-0.010548523,-0.016771488,-0.040899796,0,0,0,red,-0.0023602420000000054
Feb-82,47.2,48.5,contraction,0.006396588,-0.008403361,-0.030800821,1,0,0,red,0.010098975000000003
Mar-82,46.9,48.4,contraction,-0.006355932,-0.010548523,-0.024948025,0,0,0,red,0.005852796
Abr-82,46.9,48.4,contraction,0.0,0.0,-0.016771488,0,0,0,red,0.008176536999999998
May-82,46.7,48.3,contraction,-0.004264392,-0.01059322,-0.018907563,0,0,0,red,-0.0021360749999999977
Jun-82,46.4,48.1,contraction,-0.006423983,-0.010660981,-0.021097046,0,0,0,red,-0.0021894830000000025
Jul-82,46.5,47.9,contraction,0.002155172,-0.008528785,-0.008528785,1,0,0,red,0.012568261
Ago-82,46.1,47.8,contraction,-0.008602151,-0.012847966,-0.023305085,0,0,0,red,-0.0147763
Set-82,46.5,47.7,contraction,0.00867679,0.002155172,-0.008528785,1,1,0,light green,0.0147763
Oct-82,46.7,47.4,contraction,0.004301075,0.004301075,-0.004264392,1,1,0,light green,0.004264393000000001
Nov-82,46.9,47.4,contraction,0.004282655,0.017353579,0.004282655,1,1,1,light green,0.008547046999999999
Dic-82,47.3,47.4,expansion,0.008528785,0.017204301,0.019396552,1,1,1,light green,0.015113897000000001
Ene-83,48.1,47.8,expansion,0.016913319,0.029978587,0.034408602,1,1,1,light green,0.015012050000000002
Feb-83,48.7,47.7,expansion,0.012474012,0.038379531,0.056399132,1,1,1,light green,0.021990529999999994
Mar-83,49.3,48.0,expansion,0.012320329,0.042283298,0.060215054,1,1,1,light green,0.0038159219999999994
Abr-83,49.7,48.2,expansion,0.00811359,0.033264033,0.064239829,1,1,1,light green,0.004024775000000001
May-83,50.5,48.5,expansion,0.016096579,0.036960986,0.076759062,1,1,1,light green,0.012519233000000005
Jun-83,51.1,48.8,expansion,0.011881188,0.036511156,0.080338266,1,1,1,light green,0.0035792040000000025
Jul-83,51.7,49.1,expansion,0.011741683,0.040241449,0.074844075,1,1,1,dark green,-0.005494191000000009
Ago-83,51.9,49.2,expansion,0.003868472,0.027722772,0.065708419,1,1,1,dark green,-0.009135655999999992
Set-83,52.5,49.8,expansion,0.011560694,0.02739726,0.064908722,1,1,1,dark green,-0.000799697000000002
Oct-83,53.2,50.2,expansion,0.013333333,0.02901354,0.070422535,1,1,1,dark green,0.005513812999999992
Nov-83,53.6,50.5,expansion,0.007518797,0.032755299,0.061386139,1,1,1,dark green,-0.009036395999999995
Dic-83,54.2,50.9,expansion,0.01119403,0.032380952,0.060665362,1,1,1,dark green,-0.0007207769999999988
Ene-84,54.8,51.3,expansion,0.011070111,0.030075188,0.059961315,1,1,1,dark green,-0.0007040469999999993
Feb-84,55.3,51.5,expansion,0.009124088,0.031716418,0.065510597,1,1,1,dark green,0.005549282000000003
Mar-84,55.4,51.7,expansion,0.001808318,0.022140221,0.055238095,1,1,1,dark green,-0.010272502000000003
Abr-84,55.7,52.0,expansion,0.005415162,0.016423358,0.046992481,1,1,1,dark green,-0.008245613999999998
May-84,56.1,52.2,expansion,0.007181329,0.014466546,0.046641791,1,1,1,dark green,-0.0003506900000000007
Jun-84,56.3,52.6,expansion,0.003565062,0.016245487,0.038745387,1,1,1,dark green,-0.007896404000000003
Jul-84,56.4,52.6,expansion,0.001776199,0.012567325,0.02919708,1,1,1,dark green,-0.009548306999999999
Ago-84,56.5,52.8,expansion,0.00177305,0.007130125,0.021699819,1,1,1,dark green,-0.007497261000000002
Set-84,56.5,53.0,expansion,0.0,0.003552398,0.019855596,0,1,1,dark green,-0.001844222999999999
Oct-84,56.7,53.0,expansion,0.003539823,0.005319149,0.017953321,1,1,1,dark green,-0.0019022749999999984
Nov-84,57.0,53.3,expansion,0.005291005,0.008849558,0.016042781,1,1,1,dark green,-0.0019105400000000022
Dic-84,57.4,53.4,expansion,0.007017544,0.015929204,0.019538188,1,1,1,dark green,0.0034954070000000025
Ene-85,57.7,53.4,expansion,0.005226481,0.017636684,0.023049645,1,1,1,dark green,0.003511456999999999
Feb-85,58.0,53.5,expansion,0.005199307,0.01754386,0.026548673,1,1,1,dark green,0.0034990279999999978
Mar-85,58.2,53.7,expansion,0.003448276,0.013937282,0.030088496,1,1,1,dark green,0.003539823000000001
Abr-85,58.3,53.7,expansion,0.001718213,0.010398614,0.028218695,1,1,1,dark green,-0.0018698010000000008
May-85,58.5,53.9,expansion,0.003430532,0.00862069,0.026315789,1,1,1,dark green,-0.0019029059999999993
Jun-85,58.8,53.8,expansion,0.005128205,0.010309278,0.024390244,1,1,1,dark green,-0.0019255450000000007
Jul-85,59.0,53.8,expansion,0.003401361,0.012006861,0.022530329,1,1,1,dark green,-0.0018599149999999967
Ago-85,59.2,54.1,expansion,0.003389831,0.011965812,0.020689655,1,1,1,dark green,-0.0018406740000000005
Set-85,59.4,54.3,expansion,0.003378378,0.010204082,0.020618557,1,1,1,dark green,-7.109800000000208e-05
Oct-85,59.5,54.3,expansion,0.001683502,0.008474576,0.02058319,1,1,1,dark green,-3.5366999999997956e-05
Nov-85,59.7,54.4,expansion,0.003361345,0.008445946,0.020512821,1,1,1,dark green,-7.036900000000068e-05
Dic-85,60.0,54.6,expansion,0.005025126,0.01010101,0.020408163,1,1,1,dark green,-0.00010465800000000053
Ene-86,60.2,54.8,expansion,0.003333333,0.011764706,0.020338983,1,1,1,dark green,-6.917999999999855e-05
Feb-86,60.4,54.8,expansion,0.003322259,0.011725293,0.02027027,1,1,1,dark green,-6.87130000000015e-05
Mar-86,60.5,54.9,expansion,0.001655629,0.008333333,0.018518519,1,1,1,dark green,-0.0017517509999999993
Abr-86,60.8,55.2,expansion,0.004958678,0.009966777,0.021848739,1,1,1,dark green,0.0033302199999999983
May-86,61.1,55.1,expansion,0.004934211,0.011589404,0.023450586,1,1,1,dark green,0.001601847
Jun-86,61.5,55.2,expansion,0.006546645,0.016528926,0.025,1,1,1,dark green,0.0015494140000000024
Jul-86,61.5,55.4,expansion,0.0,0.011513158,0.021594684,0,1,1,dark green,-0.003405316000000002
Ago-86,61.6,55.5,expansion,0.001626016,0.008183306,0.01986755,1,1,1,dark green,-0.0017271339999999982
Set-86,61.8,55.8,expansion,0.003246753,0.004878049,0.021487603,1,1,1,dark green,0.0016200529999999998
Oct-86,61.9,55.8,expansion,0.001618123,0.006504065,0.018092105,1,1,1,dark green,-0.0033954980000000003
Nov-86,62.1,55.9,expansion,0.003231018,0.008116883,0.016366612,1,1,1,dark green,-0.0017254930000000016
Dic-86,62.5,56.3,expansion,0.006441224,0.011326861,0.016260163,1,1,1,dark green,-0.00010644899999999805
Ene-87,62.5,55.9,expansion,0.0,0.009693053,0.016260163,0,1,1,dark green,0.0
Feb-87,62.9,56.5,expansion,0.0064,0.012882448,0.021103896,1,1,1,dark green,0.004843732999999999
Mar-87,63.1,56.7,expansion,0.00317965,0.0096,0.021035599,1,1,1,dark green,-6.829700000000188e-05
Abr-87,63.2,56.8,expansion,0.001584786,0.0112,0.021001616,1,1,1,dark green,-3.398299999999785e-05
May-87,63.4,56.9,expansion,0.003164557,0.007949126,0.020933977,1,1,1,dark green,-6.763900000000128e-05
Jun-87,63.7,57.1,expansion,0.004731861,0.009508716,0.0192,1,1,1,dark green,-0.0017339770000000011
Jul-87,64.0,57.4,expansion,0.004709576,0.012658228,0.024,1,1,1,dark green,0.004800000000000002
Ago-87,64.2,57.6,expansion,0.003125,0.012618297,0.020667727,1,1,1,dark green,-0.003332273
Set-87,64.5,57.8,expansion,0.004672897,0.01255887,0.022187005,1,1,1,dark green,0.001519277999999999
Oct-87,64.7,58.1,expansion,0.003100775,0.0109375,0.023734177,1,1,1,dark green,0.0015471719999999994
Nov-87,64.5,58.3,expansion,-0.00309119,0.004672897,0.017350158,0,1,1,dark green,-0.006384018999999998
Dic-87,64.5,58.7,expansion,0.0,0.0,0.01255887,0,0,1,dark green,-0.004791288000000001
Ene-88,64.7,58.6,expansion,0.003100775,0.0,0.0109375,1,0,1,dark green,-0.0016213700000000004
Feb-88,65.2,59.0,expansion,0.007727975,0.010852713,0.015576324,1,1,1,dark green,0.0046388240000000015
Mar-88,65.5,59.2,expansion,0.004601227,0.015503876,0.015503876,1,1,1,dark green,-7.2448000000001e-05
Abr-88,65.6,59.3,expansion,0.001526718,0.013910355,0.013910355,1,1,1,dark green,-0.0015935210000000005
May-88,65.9,59.4,expansion,0.004573171,0.010736196,0.021705426,1,1,1,dark green,0.007795071000000001
Jun-88,66.3,59.7,expansion,0.006069803,0.01221374,0.027906977,1,1,1,dark green,0.006201551
Jul-88,66.3,59.8,expansion,0.0,0.010670732,0.024729521,0,1,1,dark green,-0.0031774559999999986
Ago-88,66.5,59.9,expansion,0.003016591,0.009104704,0.01993865,1,1,1,dark green,-0.004790871000000002
Set-88,66.6,60.0,expansion,0.001503759,0.004524887,0.016793893,1,1,1,dark green,-0.003144756999999998
Oct-88,66.9,60.3,expansion,0.004504505,0.009049774,0.019817073,1,1,1,dark green,0.0030231800000000003
Nov-88,67.0,60.4,expansion,0.001494768,0.007518797,0.016691958,1,1,1,dark green,-0.0031251150000000012
Dic-88,67.2,60.8,expansion,0.002985075,0.009009009,0.013574661,1,1,1,dark green,-0.0031172969999999998
Ene-89,67.3,61.0,expansion,0.001488095,0.005979073,0.015082956,1,1,1,dark green,0.0015082949999999998
Feb-89,67.3,61.0,expansion,0.0,0.004477612,0.012030075,0,1,1,dark green,-0.0030528810000000003
Mar-89,67.0,61.0,expansion,-0.004457652,-0.00297619,0.006006006,0,0,1,dark green,-0.006024068999999999
Abr-89,67.1,61.1,expansion,0.001492537,-0.002971768,0.002989537,1,0,1,dark green,-0.0030164690000000004
May-89,66.9,60.9,expansion,-0.002980626,-0.005943536,-0.001492537,0,0,0,dark green,-0.004482074
Jun-89,66.8,61.0,expansion,-0.001494768,-0.002985075,-0.005952381,0,0,0,orange,-0.004459843999999999
Jul-89,66.5,60.8,expansion,-0.004491018,-0.008941878,-0.011887073,0,0,0,orange,-0.005934692
Ago-89,66.7,61.2,expansion,0.003007519,-0.002989537,-0.008915305,1,0,0,orange,0.0029717679999999996
Set-89,66.7,61.2,expansion,0.0,-0.001497006,-0.004477612,0,0,0,orange,0.004437693
Oct-89,66.5,61.2,expansion,-0.002998501,0.0,-0.008941878,0,0,0,orange,-0.004464266000000001
Nov-89,66.6,61.4,expansion,0.001503759,-0.00149925,-0.004484305,1,0,0,orange,0.004457573
Dic-89,66.6,61.5,expansion,0.0,-0.00149925,-0.002994012,0,0,0,orange,0.0014902930000000002
Ene-90,66.5,61.5,expansion,-0.001501502,0.0,0.0,0,0,0,orange,0.002994012
Feb-90,66.3,61.8,expansion,-0.003007519,-0.004504505,-0.005997001,0,0,0,orange,-0.005997001
Mar-90,66.4,62.0,expansion,0.001508296,-0.003003003,-0.004497751,1,0,0,orange,0.0014992499999999997
Abr-90,66.1,62.0,expansion,-0.004518072,-0.006015038,-0.006015038,0,0,0,orange,-0.001517287
May-90,66.1,62.1,expansion,0.0,-0.003016591,-0.007507508,0,0,0,orange,-0.00149247
Jun-90,66.1,62.2,expansion,0.0,-0.004518072,-0.007507508,0,0,0,orange,0.0
Jul-90,65.8,62.2,contraction,-0.004538578,-0.004538578,-0.010526316,0,0,0,orange,-0.0030188080000000004
Ago-90,64.8,62.2,contraction,-0.015197568,-0.019667171,-0.022624434,0,0,0,orange,-0.012098117999999998
Set-90,63.9,61.9,contraction,-0.013888889,-0.033282905,-0.037650602,0,0,0,red,-0.015026168
Oct-90,63.0,61.6,contraction,-0.014084507,-0.042553191,-0.046898638,0,0,0,red,-0.009248036000000001
Nov-90,61.8,61.3,contraction,-0.019047619,-0.046296296,-0.06505295,0,0,0,red,-0.018154312
Dic-90,61.1,61.2,contraction,-0.011326861,-0.043818466,-0.075642965,0,0,0,red,-0.010590015000000008
Ene-91,60.3,60.8,contraction,-0.01309329,-0.042857143,-0.083586626,0,0,0,red,-0.00794366099999999
Feb-91,60.1,60.7,contraction,-0.00331675,-0.027508091,-0.072530864,0,0,0,red,0.011055761999999997
Mar-91,59.9,60.6,contraction,-0.003327787,-0.019639935,-0.062597809,0,0,0,red,0.009933054999999996
Abr-91,60.4,60.8,expansion,0.008347245,0.001658375,-0.041269841,1,1,0,light green,0.021327968000000003
May-91,60.8,61.0,expansion,0.006622517,0.011647255,-0.01618123,1,1,0,light green,0.025088611
Jun-91,60.7,61.2,expansion,-0.001644737,0.013355593,-0.006546645,0,1,0,light green,0.009634585000000001
Jul-91,61.4,61.3,expansion,0.011532125,0.016556291,0.018242123,1,1,1,light green,0.024788768
Ago-91,61.5,61.3,expansion,0.001628664,0.011513158,0.023294509,1,1,1,light green,0.0050523860000000025
Set-91,62.0,61.5,expansion,0.008130081,0.021416804,0.035058431,1,1,1,light green,0.011763922
Oct-91,61.9,61.4,expansion,-0.001612903,0.008143322,0.024834437,0,1,1,light green,-0.010223994
Nov-91,61.9,61.4,expansion,0.0,0.006504065,0.018092105,0,1,1,light green,-0.006742332
Dic-91,61.8,61.4,expansion,-0.001615509,-0.003225806,0.018121911,0,0,1,light green,2.9806000000000277e-05
Ene-92,62.2,61.6,expansion,0.006472492,0.004846527,0.013029316,1,1,1,dark green,-0.005092595
Feb-92,62.4,61.8,expansion,0.003215434,0.008077544,0.014634146,1,1,1,dark green,0.0016048299999999998
Mar-92,63.0,62.0,expansion,0.009615385,0.019417476,0.016129032,1,1,1,dark green,0.0014948860000000008
Abr-92,63.4,62.2,expansion,0.006349206,0.019292605,0.024232633,1,1,1,dark green,0.008103600999999998
May-92,64.0,62.3,expansion,0.009463722,0.025641026,0.033925687,1,1,1,dark green,0.009693054000000003
Jun-92,64.4,62.5,expansion,0.00625,0.022222222,0.042071197,1,1,1,dark green,0.008145509999999995
Jul-92,64.7,62.7,expansion,0.004658385,0.020504732,0.040192926,1,1,1,dark green,-0.0018782710000000008
Ago-92,64.9,62.6,expansion,0.00309119,0.0140625,0.040064103,1,1,1,dark green,-0.00012882300000000013
Set-92,65.2,62.7,expansion,0.004622496,0.01242236,0.034920635,1,1,1,dark green,-0.005143467999999998
Oct-92,65.2,62.7,expansion,0.0,0.007727975,0.028391167,0,1,1,dark green,-0.006529468
Nov-92,65.7,62.9,expansion,0.007668712,0.012326656,0.0265625,1,1,1,dark green,-0.001828666999999999
Dic-92,66.6,63.9,expansion,0.01369863,0.021472393,0.034161491,1,1,1,dark green,0.007598991000000003
Ene-93,67.0,63.4,expansion,0.006006006,0.027607362,0.035548686,1,1,1,dark green,0.0013871950000000008
Feb-93,67.5,63.6,expansion,0.007462687,0.02739726,0.040061633,1,1,1,dark green,0.004512946999999996
Mar-93,67.5,63.4,expansion,0.0,0.013513514,0.035276074,0,1,1,dark green,-0.004785559000000002
Abr-93,67.9,63.7,expansion,0.005925926,0.013432836,0.041411043,1,1,1,dark green,0.006134969000000004
May-93,68.2,63.8,expansion,0.004418262,0.01037037,0.03805175,1,1,1,dark green,-0.0033592929999999993
Jun-93,68.4,63.9,expansion,0.002932551,0.013333333,0.027027027,1,1,1,dark green,-0.011024723000000004
Jul-93,68.5,64.0,expansion,0.001461988,0.008836524,0.02238806,1,1,1,dark green,-0.004638966999999997
Ago-93,69.0,64.1,expansion,0.00729927,0.011730205,0.022222222,1,1,1,dark green,-0.00016583800000000148
Set-93,69.4,64.2,expansion,0.005797101,0.014619883,0.028148148,1,1,1,dark green,0.0059259260000000015
Oct-93,69.8,64.3,expansion,0.005763689,0.018978102,0.027982327,1,1,1,dark green,-0.00016582100000000002
Nov-93,70.2,64.6,expansion,0.005730659,0.017391304,0.029325513,1,1,1,dark green,0.0013431859999999997
Dic-93,71.2,65.5,expansion,0.014245014,0.025936599,0.040935673,1,1,1,dark green,0.011610159999999998
Ene-94,71.2,65.1,expansion,0.0,0.020057307,0.039416058,0,1,1,dark green,-0.001519615000000002
Feb-94,71.5,65.3,expansion,0.004213483,0.018518519,0.036231884,1,1,1,dark green,-0.003184173999999998
Mar-94,72.5,65.7,expansion,0.013986014,0.018258427,0.044668588,1,1,1,dark green,0.008436704000000003
Abr-94,73.0,66.0,expansion,0.006896552,0.025280899,0.045845272,1,1,1,dark green,0.0011766839999999973
May-94,73.5,66.2,expansion,0.006849315,0.027972028,0.047008547,1,1,1,dark green,0.0011632749999999983
Jun-94,74.1,66.5,expansion,0.008163265,0.022068966,0.040730337,1,1,1,dark green,-0.006278209999999999
Jul-94,74.4,66.5,expansion,0.004048583,0.019178082,0.04494382,1,1,1,dark green,0.004213483000000004
Ago-94,75.1,67.0,expansion,0.009408602,0.021768707,0.05034965,1,1,1,dark green,0.00540583
Set-94,75.5,67.1,expansion,0.005326232,0.018893387,0.04137931,1,1,1,dark green,-0.00897034
Oct-94,76.1,67.5,expansion,0.00794702,0.022849462,0.042465753,1,1,1,dark green,0.0010864429999999994
Nov-94,76.3,67.8,expansion,0.002628121,0.015978695,0.038095238,1,1,1,dark green,-0.004370515000000005
Dic-94,76.8,68.1,expansion,0.00655308,0.017218543,0.036437247,1,1,1,dark green,-0.0016579909999999976
Ene-95,77.0,68.3,expansion,0.002604167,0.011826544,0.034946237,1,1,1,dark green,-0.001491010000000001
Feb-95,77.0,68.3,expansion,0.0,0.009174312,0.025299601,0,1,1,dark green,-0.009646635999999997
Mar-95,77.0,68.5,expansion,0.0,0.002604167,0.01986755,0,1,1,dark green,-0.005432051
Abr-95,77.1,68.4,expansion,0.001298701,0.001298701,0.013140604,1,1,1,dark green,-0.006726946000000001
May-95,77.2,68.6,expansion,0.001297017,0.002597403,0.011795544,1,1,1,dark green,-0.0013450600000000004
Jun-95,77.2,68.9,expansion,0.0,0.002597403,0.005208333,0,1,1,dark green,-0.006587211
Jul-95,77.2,68.7,expansion,0.0,0.001297017,0.002597403,0,1,1,dark green,-0.00261093
Ago-95,77.6,69.2,expansion,0.005181347,0.005181347,0.007792208,1,1,1,dark green,0.005194805
Set-95,77.9,69.4,expansion,0.003865979,0.009067358,0.011688312,1,1,1,dark green,0.003896103999999999
Oct-95,77.8,69.5,expansion,-0.001283697,0.007772021,0.009079118,0,1,1,dark green,-0.0026091939999999987
Nov-95,77.8,69.8,expansion,0.0,0.00257732,0.007772021,0,1,1,dark green,-0.001307097000000001
Dic-95,77.9,69.9,expansion,0.001285347,0.0,0.009067358,1,0,1,dark green,0.0012953369999999997
Ene-96,76.5,69.8,expansion,-0.017971759,-0.016709512,-0.009067358,0,0,0,dark green,-0.018134716
Feb-96,77.4,70.3,expansion,0.011764706,-0.005141388,-0.00257732,1,0,0,orange,0.006490037999999999
Mar-96,77.6,70.4,expansion,0.002583979,-0.003851091,-0.003851091,1,0,0,orange,-0.001273771
Abr-96,77.9,70.7,expansion,0.003865979,0.018300654,0.001285347,1,1,1,dark green,0.005136438
May-96,78.6,71.1,expansion,0.008985879,0.015503876,0.010282776,1,1,1,dark green,0.008997429000000001
Jun-96,79.1,71.4,expansion,0.006361323,0.019329897,0.015404365,1,1,1,dark green,0.005121588999999999
Jul-96,79.0,71.5,expansion,-0.001264223,0.014120668,0.032679739,0,1,1,dark green,0.017275374
Ago-96,79.2,71.7,expansion,0.002531646,0.007633588,0.023255814,1,1,1,dark green,-0.009423925
Set-96,79.5,72.0,expansion,0.003787879,0.00505689,0.024484536,1,1,1,dark green,0.0012287220000000015
Oct-96,79.8,72.1,expansion,0.003773585,0.010126582,0.024390244,1,1,1,dark green,-9.429200000000276e-05
Nov-96,80.4,72.5,expansion,0.007518797,0.015151515,0.022900763,1,1,1,dark green,-0.0014894809999999974
Dic-96,80.5,72.6,expansion,0.001243781,0.012578616,0.017699115,1,1,1,dark green,-0.005201648
Ene-97,81.0,73.0,expansion,0.00621118,0.015037594,0.025316456,1,1,1,dark green,0.007617341
Feb-97,82.1,73.5,expansion,0.013580247,0.021144279,0.036616162,1,1,1,dark green,0.011299706
Mar-97,82.4,73.8,expansion,0.00365408,0.023602484,0.036477987,1,1,1,dark green,-0.00013817499999999733
Abr-97,82.6,74.0,expansion,0.002427184,0.019753086,0.035087719,1,1,1,dark green,-0.001390268
May-97,83.2,74.2,expansion,0.007263923,0.013398295,0.034825871,1,1,1,dark green,-0.000261848000000002
Jun-97,83.8,74.6,expansion,0.007211538,0.016990291,0.040993789,1,1,1,dark green,0.006167918000000001
Jul-97,84.7,75.0,expansion,0.010739857,0.025423729,0.045679012,1,1,1,dark green,0.004685222999999995
Ago-97,85.1,75.3,expansion,0.00472255,0.022836538,0.036540804,1,1,1,dark green,-0.009138207999999995
Set-97,85.7,75.7,expansion,0.007050529,0.022673031,0.040048544,1,1,1,dark green,0.0035077399999999953
Oct-97,85.9,76.0,expansion,0.002333722,0.014167651,0.039951574,1,1,1,dark green,-9.697000000000178e-05
Nov-97,86.1,76.5,expansion,0.002328289,0.011750881,0.034855769,1,1,1,dark green,-0.005095804999999995
Dic-97,86.4,76.7,expansion,0.003484321,0.008168028,0.031026253,1,1,1,dark green,-0.0038295160000000016
Ene-98,86.5,77.1,expansion,0.001157407,0.006984866,0.021251476,1,1,1,dark green,-0.009774777000000002
Feb-98,87.4,77.5,expansion,0.010404624,0.015098722,0.027027027,1,1,1,dark green,0.005775551
Mar-98,87.6,77.8,expansion,0.00228833,0.013888889,0.022170362,1,1,1,dark green,-0.004856665
Abr-98,87.4,78.0,expansion,-0.002283105,0.010404624,0.017462165,0,1,1,dark green,-0.004708196999999997
May-98,87.9,78.4,expansion,0.005720824,0.005720824,0.020905923,1,1,1,dark green,0.003443757999999998
Jun-98,87.5,78.4,expansion,-0.004550626,-0.001141553,0.012731481,0,0,1,dark green,-0.008174442
Jul-98,87.7,78.4,expansion,0.002285714,0.003432494,0.013872832,1,1,1,dark green,0.0011413510000000005
Ago-98,87.7,79.0,expansion,0.0,-0.002275313,0.003432494,0,0,1,dark green,-0.010440338
Set-98,87.1,79.3,expansion,-0.006841505,-0.004571429,-0.005707763,0,0,0,orange,-0.009140257
Oct-98,86.6,79.6,expansion,-0.005740528,-0.012542759,-0.009153318,0,0,0,orange,-0.0034455550000000003
Nov-98,86.9,79.8,expansion,0.003464203,-0.009122007,-0.011376564,1,0,0,orange,-0.002223246
Dic-98,87.2,80.1,expansion,0.003452244,0.001148106,-0.003428571,1,1,0,orange,0.007947993
Ene-99,87.1,80.2,expansion,-0.001146789,0.005773672,-0.006841505,0,1,0,orange,-0.0034129340000000003
Feb-99,87.5,80.7,expansion,0.004592423,0.006904488,-0.002280502,1,1,0,orange,0.004561003000000001
Mar-99,87.5,80.8,expansion,0.0,0.003440367,0.004592423,0,1,1,orange,0.006872925
Abr-99,87.6,80.8,expansion,0.001142857,0.005740528,0.011547344,1,1,1,dark green,0.006954920999999999
May-99,88.1,81.2,expansion,0.005707763,0.006857143,0.013808976,1,1,1,dark green,0.0022616320000000013
Jun-99,88.4,81.4,expansion,0.003405221,0.010285714,0.013761468,1,1,1,dark green,-4.7507999999999925e-05
Jul-99,88.9,81.6,expansion,0.005656109,0.014840183,0.020665901,1,1,1,dark green,0.006904433
Ago-99,89.0,82.0,expansion,0.001124859,0.010215664,0.017142857,1,1,1,dark green,-0.0035230439999999995
Set-99,89.1,81.9,expansion,0.001123596,0.007918552,0.018285714,1,1,1,dark green,0.0011428570000000006
Oct-99,89.5,82.5,expansion,0.004489338,0.006749156,0.021689498,1,1,1,dark green,0.003403784
Nov-99,90.1,82.9,expansion,0.006703911,0.012359551,0.022701476,1,1,1,dark green,0.0010119780000000002
Dic-99,91.0,83.4,expansion,0.009988901,0.021324355,0.029411765,1,1,1,dark green,0.006710288999999998
Ene-00,91.7,83.8,expansion,0.007692308,0.024581006,0.031496063,1,1,1,dark green,0.0020842979999999983
Feb-00,91.2,83.7,expansion,-0.005452563,0.012208657,0.024719101,0,1,1,dark green,-0.0067769619999999975
Mar-00,92.1,84.2,expansion,0.009868421,0.012087912,0.033670034,1,1,1,dark green,0.008950933000000001
Abr-00,92.3,84.6,expansion,0.002171553,0.006543075,0.031284916,1,1,1,dark green,-0.0023851179999999986
May-00,91.4,84.6,expansion,-0.009750813,0.002192982,0.014428413,0,1,1,dark green,-0.016856503000000002
Jun-00,91.8,84.8,expansion,0.004376368,-0.003257329,0.008791209,1,0,1,dark green,-0.005637204
Jul-00,91.4,84.9,expansion,-0.004357298,-0.009750813,-0.003271538,0,0,0,dark green,-0.012062746999999999
Ago-00,90.9,85.0,expansion,-0.00547046,-0.00547046,-0.003289474,0,0,0,orange,-1.793600000000008e-05
Set-00,91.2,85.3,expansion,0.00330033,-0.006535948,-0.009771987,1,0,0,orange,-0.006482512999999999
Oct-00,90.2,85.2,expansion,-0.010964912,-0.013129103,-0.022751896,0,0,0,orange,-0.012979909000000001
Nov-00,89.7,85.1,expansion,-0.005543237,-0.01320132,-0.018599562,0,0,0,orange,0.004152334000000001
Dic-00,88.3,85.2,expansion,-0.015607581,-0.031798246,-0.038126362,0,0,0,red,-0.019526799999999997
Ene-01,87.6,85.2,expansion,-0.00792752,-0.028824834,-0.041575492,0,0,0,red,-0.0034491300000000016
Feb-01,86.5,85.2,expansion,-0.012557078,-0.03567447,-0.04840484,0,0,0,red,-0.006829347999999999
Mar-01,85.1,85.0,contraction,-0.016184971,-0.036240091,-0.066885965,0,0,0,red,-0.018481125000000008
Abr-01,84.1,84.7,contraction,-0.011750881,-0.039954338,-0.067627494,0,0,0,red,-0.0007415289999999908
May-01,84.3,84.6,contraction,0.002378121,-0.025433526,-0.060200669,1,0,0,red,0.007426824999999998
Jun-01,83.7,84.2,contraction,-0.007117438,-0.016451234,-0.05209513,0,0,0,red,0.008105538999999995
Jul-01,83.4,84.1,contraction,-0.003584229,-0.008323424,-0.047945205,0,0,0,red,0.004149925000000006
Ago-01,83.2,84.2,contraction,-0.002398082,-0.013048636,-0.038150289,0,0,0,red,0.009794916
Set-01,81.7,83.7,contraction,-0.018028846,-0.023894863,-0.039952996,0,0,0,red,-0.0018027070000000006
Oct-01,81.1,83.9,contraction,-0.007343941,-0.027577938,-0.035671819,0,0,0,red,0.004281176999999997
Nov-01,81.5,83.6,contraction,0.004932182,-0.020432692,-0.033214709,1,0,0,red,0.0024571099999999985
Dic-01,81.8,83.6,expansion,0.003680982,0.00122399,-0.022700119,1,1,0,light green,0.01051459
Ene-02,81.9,83.7,expansion,0.001222494,0.009864365,-0.017985612,1,1,0,light green,0.004714507
Feb-02,82.5,83.7,expansion,0.007326007,0.012269939,-0.008413462,1,1,0,light green,0.009572150000000001
Mar-02,83.0,83.8,expansion,0.006060606,0.014669927,0.015911873,1,1,1,light green,0.024325335
Abr-02,83.7,84.0,expansion,0.008433735,0.021978022,0.032059186,1,1,1,light green,0.016147313000000003
May-02,84.3,84.1,expansion,0.007168459,0.021818182,0.034355828,1,1,1,light green,0.0022966419999999946
Jun-02,84.5,84.4,expansion,0.002372479,0.018072289,0.033007335,1,1,1,dark green,-0.0013484929999999992
Jul-02,84.1,84.3,expansion,-0.004733728,0.004778973,0.026862027,0,1,1,dark green,-0.006145307999999999
Ago-02,84.3,84.4,expansion,0.002378121,0.0,0.021818182,1,0,1,dark green,-0.005043845000000002
Set-02,83.9,84.3,expansion,-0.004744958,-0.007100592,0.010843373,0,0,1,dark green,-0.010974808999999999
Oct-02,83.8,84.2,expansion,-0.001191895,-0.003567182,0.001194743,0,0,1,orange,-0.00964863
Nov-02,84.2,84.5,expansion,0.00477327,-0.00118624,-0.00118624,1,0,0,orange,-0.002380983
Dic-02,84.3,84.3,expansion,0.001187648,0.00476758,-0.002366864,1,1,0,orange,-0.0011806240000000001
Ene-03,84.4,84.5,expansion,0.00118624,0.007159905,0.003567182,1,1,1,dark green,0.005934046
Feb-03,84.2,84.2,expansion,-0.002369668,0.0,-0.00118624,0,0,0,dark green,-0.004753422
Mar-03,84.1,84.3,expansion,-0.001187648,-0.002372479,0.00238379,0,0,1,orange,0.00357003
Abr-03,83.9,84.2,expansion,-0.002378121,-0.005924171,0.001193317,0,0,1,orange,-0.0011904730000000003
May-03,84.7,84.6,expansion,0.009535161,0.005938242,0.005938242,1,1,1,dark green,0.004744925
Jun-03,85.4,84.8,expansion,0.008264463,0.015457788,0.013048636,1,1,1,dark green,0.007110394000000001
Jul-03,85.7,85.0,expansion,0.003512881,0.021454112,0.015402844,1,1,1,dark green,0.002354208
Ago-03,86.3,85.0,expansion,0.007001167,0.018890201,0.024940618,1,1,1,dark green,0.009537774
Set-03,87.3,85.3,expansion,0.011587486,0.022248244,0.038049941,1,1,1,dark green,0.013109322999999996
Oct-03,88.2,85.5,expansion,0.010309278,0.029171529,0.05125149,1,1,1,dark green,0.013201549
Nov-03,89.2,85.9,expansion,0.011337868,0.033603708,0.053128689,1,1,1,dark green,0.001877199000000003
Dic-03,90.1,85.8,expansion,0.010089686,0.03207331,0.055035129,1,1,1,dark green,0.0019064400000000023
Ene-04,91.0,85.7,expansion,0.009988901,0.031746032,0.061843641,1,1,1,dark green,0.006808511999999996
Feb-04,91.9,86.0,expansion,0.00989011,0.030269058,0.064889919,1,1,1,dark green,0.0030462780000000064
Mar-04,93.2,86.4,expansion,0.014145811,0.034406215,0.067583047,1,1,1,dark green,0.002693127999999989
Abr-04,93.4,86.5,expansion,0.002145923,0.026373626,0.058956916,1,1,1,dark green,-0.008626130999999995
May-04,94.3,86.9,expansion,0.009635974,0.026115343,0.057174888,1,1,1,dark green,-0.001782027999999998
Jun-04,94.9,86.8,expansion,0.006362672,0.018240343,0.05327414,1,1,1,dark green,-0.0039007480000000025
Jul-04,95.5,87.1,expansion,0.006322445,0.02248394,0.049450549,1,1,1,dark green,-0.0038235909999999942
Ago-04,96.0,87.3,expansion,0.005235602,0.018027572,0.044613711,1,1,1,dark green,-0.004836838000000003
Set-04,96.8,87.5,expansion,0.008333333,0.020021075,0.038626609,1,1,1,dark green,-0.005987102000000001
Oct-04,97.1,87.8,expansion,0.003099174,0.016753927,0.039614561,1,1,1,dark green,0.0009879520000000003
Nov-04,97.9,87.8,expansion,0.008238929,0.019791667,0.038176034,1,1,1,dark green,-0.001438527000000002
Dic-04,99.0,89.2,expansion,0.011235955,0.022727273,0.043203372,1,1,1,dark green,0.005027337999999999
Ene-05,99.6,88.4,expansion,0.006060606,0.025746653,0.042931937,1,1,1,dark green,-0.0002714349999999935
Feb-05,100.1,88.6,expansion,0.00502008,0.02247191,0.042708333,1,1,1,dark green,-0.00022360400000000225
Mar-05,99.9,88.6,expansion,-0.001998002,0.009090909,0.032024793,0,1,1,dark green,-0.010683539999999998
Abr-05,100.4,89.1,expansion,0.005005005,0.008032129,0.033985582,1,1,1,dark green,0.0019607889999999975
May-05,100.3,89.2,expansion,-0.000996016,0.001998002,0.024514811,0,1,1,dark green,-0.009470771
Jun-05,101.1,89.6,expansion,0.007976072,0.012012012,0.021212121,1,1,1,dark green,-0.0033026900000000005
Jul-05,101.2,89.7,expansion,0.00098912,0.007968127,0.016064257,1,1,1,dark green,-0.005147864000000002
Ago-05,101.9,89.8,expansion,0.006916996,0.015952144,0.017982018,1,1,1,dark green,0.0019177610000000005
Set-05,101.6,89.3,expansion,-0.002944063,0.004945598,0.017017017,0,1,1,dark green,-0.000965001
Oct-05,101.8,89.8,expansion,0.001968504,0.005928854,0.013944223,1,1,1,dark green,-0.0030727939999999985
Nov-05,102.3,90.4,expansion,0.004911591,0.003925417,0.019940179,1,1,1,dark green,0.0059959559999999985
Dic-05,102.4,90.8,expansion,0.000977517,0.007874016,0.012858556,1,1,1,dark green,-0.007081622999999999
Ene-06,103.1,91.2,expansion,0.006835937,0.012770138,0.018774704,1,1,1,dark green,0.0059161479999999995
Feb-06,103.2,91.6,expansion,0.000969932,0.008797654,0.012757605,1,1,1,dark green,-0.006017099
Mar-06,103.5,91.8,expansion,0.002906977,0.010742187,0.018700787,1,1,1,dark green,0.005943182
Abr-06,103.0,91.8,expansion,-0.004830918,-0.000969932,0.011787819,0,0,1,dark green,-0.006912968
May-06,102.6,91.9,expansion,-0.003883495,-0.005813953,0.002932551,0,0,1,orange,-0.008855268
Jun-06,102.3,91.9,expansion,-0.002923977,-0.011594203,-0.000976563,0,0,0,orange,-0.003909114
Jul-06,102.0,91.9,expansion,-0.002932551,-0.009708738,-0.010669253,0,0,0,orange,-0.00969269
Ago-06,101.7,92.0,expansion,-0.002941176,-0.00877193,-0.014534884,0,0,0,orange,-0.0038656309999999996
Set-06,101.6,92.2,expansion,-0.000983284,-0.00684262,-0.018357488,0,0,0,orange,-0.003822604000000002
Oct-06,101.5,92.4,expansion,-0.000984252,-0.004901961,-0.014563107,0,0,0,orange,0.003794381000000001
Nov-06,101.3,92.6,expansion,-0.001970443,-0.003933137,-0.012670565,0,0,0,orange,0.0018925420000000005
Dic-06,101.6,93.2,expansion,0.0029615,0.0,-0.00684262,1,0,0,orange,0.005827945
Ene-07,101.3,93.1,expansion,-0.002952756,-0.001970443,-0.006862745,0,0,0,orange,-2.0125000000000177e-05
Feb-07,101.2,93.5,expansion,-0.000987167,-0.000987167,-0.004916421,0,0,0,orange,0.0019463240000000001
Mar-07,101.6,93.7,expansion,0.003952569,0.0,0.0,1,0,0,orange,0.004916421
Abr-07,101.2,93.9,expansion,-0.003937008,-0.000987167,-0.002955665,0,0,0,orange,-0.002955665
May-07,101.2,94.1,expansion,0.0,0.0,-0.000987167,0,0,0,orange,0.001968498
Jun-07,100.9,94.1,expansion,-0.002964427,-0.006889764,-0.006889764,0,0,0,orange,-0.005902597
Jul-07,100.7,94.0,expansion,-0.001982161,-0.004940711,-0.005923001,0,0,0,orange,0.0009667629999999998
Ago-07,100.2,94.2,expansion,-0.004965243,-0.009881423,-0.009881423,0,0,0,orange,-0.0039584220000000005
Set-07,99.6,94.3,expansion,-0.005988024,-0.012884044,-0.019685039,0,0,0,orange,-0.009803616000000001
Oct-07,99.0,94.3,expansion,-0.006024096,-0.016881827,-0.02173913,0,0,0,orange,-0.0020540909999999975
Nov-07,98.1,94.4,expansion,-0.009090909,-0.020958084,-0.030632411,0,0,0,red,-0.008893281
Dic-07,97.2,94.3,expansion,-0.009174312,-0.024096386,-0.03666997,0,0,0,red,-0.006037559000000005
Ene-08,96.0,94.4,contraction,-0.012345679,-0.03030303,-0.046673287,0,0,0,red,-0.010003316999999998
Feb-08,94.8,94.1,contraction,-0.0125,-0.033639144,-0.053892216,0,0,0,red,-0.007218928999999999
Mar-08,93.4,93.8,contraction,-0.014767932,-0.03909465,-0.062248996,0,0,0,red,-0.008356780000000001
Abr-08,92.8,93.6,contraction,-0.006423983,-0.033333333,-0.062626263,0,0,0,red,-0.0003772670000000006
May-08,91.9,93.3,contraction,-0.009698276,-0.030590717,-0.063200815,0,0,0,red,-0.0005745519999999921
Jun-08,91.5,93.0,contraction,-0.004352557,-0.020342612,-0.058641975,0,0,0,red,0.0045588399999999946
Jul-08,89.4,92.5,contraction,-0.02295082,-0.036637931,-0.06875,0,0,0,red,-0.010108025000000007
Ago-08,88.3,92.2,contraction,-0.012304251,-0.039173014,-0.068565401,0,0,0,red,0.0001845990000000075
Set-08,86.6,90.9,contraction,-0.019252548,-0.053551913,-0.072805139,0,0,0,red,-0.004239738000000007
Oct-08,83.7,91.0,contraction,-0.033487298,-0.063758389,-0.098060345,0,0,0,red,-0.02525520599999999
Nov-08,81.5,90.3,contraction,-0.026284349,-0.077010193,-0.113166485,0,0,0,red,-0.015106140000000004
Dic-08,79.2,89.2,contraction,-0.028220859,-0.085450346,-0.13442623,0,0,0,red,-0.02125974500000001
Ene-09,77.7,87.8,contraction,-0.018939394,-0.071684588,-0.130872483,0,0,0,red,0.003553746999999996
Feb-09,76.7,87.2,contraction,-0.012870013,-0.058895706,-0.131370328,0,0,0,red,-0.0004978449999999968
Mar-09,75.4,86.3,contraction,-0.016949153,-0.047979798,-0.129330254,0,0,0,red,0.002040074000000003
Abr-09,75.5,85.8,contraction,0.00132626,-0.028314028,-0.097968937,1,0,0,red,0.031361317
May-09,75.9,85.6,contraction,0.005298013,-0.010430248,-0.068711656,1,0,0,red,0.02925728100000001
Jun-09,76.4,85.2,contraction,0.006587615,0.013262599,-0.035353535,1,1,0,light green,0.033358121
Jul-09,76.8,85.4,expansion,0.005235602,0.017218543,-0.011583012,1,1,0,light green,0.023770522999999998
Ago-09,77.5,85.5,expansion,0.009114583,0.021080369,0.010430248,1,1,1,light green,0.02201326
Set-09,78.2,85.6,expansion,0.009032258,0.023560209,0.037135279,1,1,1,light green,0.026705031
Oct-09,78.5,85.6,expansion,0.003836317,0.022135417,0.039735099,1,1,1,light green,0.0025998200000000027
Nov-09,79.3,85.9,expansion,0.010191083,0.023225806,0.044795784,1,1,1,light green,0.005060684999999995
Dic-09,80.1,86.0,expansion,0.010088272,0.024296675,0.048429319,1,1,1,light green,0.0036335350000000002
Ene-10,80.6,86.1,expansion,0.006242197,0.026751592,0.049479167,1,1,1,light green,0.001049847999999999
Feb-10,80.6,86.2,expansion,0.0,0.016393443,0.04,0,1,1,light green,-0.009479166999999997
Mar-10,82.0,86.7,expansion,0.017369727,0.02372035,0.04859335,1,1,1,light green,0.00859335
Abr-10,82.3,87.2,expansion,0.003658537,0.021091811,0.048407643,1,1,1,dark green,-0.00018570700000000023
May-10,82.6,87.8,expansion,0.0036452,0.024813896,0.041614124,1,1,1,dark green,-0.006793518999999998
Jun-10,82.7,88.0,expansion,0.001210654,0.008536585,0.032459426,1,1,1,dark green,-0.009154698000000003
Jul-10,82.7,88.2,expansion,0.0,0.004860267,0.026054591,0,1,1,dark green,-0.006404835000000001
Ago-10,83.0,88.4,expansion,0.00362757,0.004842615,0.029776675,1,1,1,dark green,0.0037220840000000005
Set-10,83.4,88.4,expansion,0.004819277,0.008464329,0.017073171,1,1,1,dark green,-0.012703503999999997
Oct-10,83.3,88.6,expansion,-0.001199041,0.007255139,0.012150668,0,1,1,dark green,-0.004922503000000002
Nov-10,84.1,88.7,expansion,0.009603842,0.013253012,0.018159806,1,1,1,dark green,0.006009138000000001
Dic-10,85.0,89.1,expansion,0.010701546,0.019184652,0.027811366,1,1,1,dark green,0.00965156
Ene-11,85.2,89.7,expansion,0.002352941,0.022809124,0.030229746,1,1,1,dark green,0.0024183799999999978
Feb-11,85.8,89.6,expansion,0.007042254,0.020214031,0.03373494,1,1,1,dark green,0.0035051939999999997
Mar-11,86.7,89.9,expansion,0.01048951,0.02,0.039568345,1,1,1,dark green,0.005833405
Abr-11,86.7,89.8,expansion,0.0,0.017605634,0.040816327,0,1,1,dark green,0.0012479820000000016
May-11,87.4,89.7,expansion,0.008073818,0.018648019,0.039239001,1,1,1,dark green,-0.001577325999999997
Jun-11,87.4,90.1,expansion,0.0,0.008073818,0.028235294,0,1,1,dark green,-0.011003707000000001
Jul-11,87.8,90.5,expansion,0.004576659,0.012687428,0.030516432,1,1,1,dark green,0.0022811379999999985
Ago-11,87.2,90.7,expansion,-0.006833713,-0.00228833,0.016317016,0,0,1,dark green,-0.014199416
Set-11,86.7,90.6,expansion,-0.005733945,-0.008009153,0.0,0,0,0,orange,-0.016317016
Oct-11,87.2,91.0,expansion,0.005767013,-0.006833713,0.005767013,1,0,1,orange,0.005767013
Nov-11,87.2,90.9,expansion,0.0,0.0,-0.00228833,0,0,0,orange,-0.008055343
Dic-11,87.7,91.5,expansion,0.005733945,0.011534025,0.003432494,1,1,1,dark green,0.005720823999999999
Ene-12,88.0,92.0,expansion,0.003420753,0.009174312,0.002277904,1,1,1,dark green,-0.00115459
Feb-12,88.6,92.4,expansion,0.006818182,0.016055046,0.016055046,1,1,1,dark green,0.013777142
Mar-12,89.1,92.5,expansion,0.005643341,0.015963512,0.027681661,1,1,1,dark green,0.011626615
Abr-12,88.9,92.8,expansion,-0.002244669,0.010227273,0.019495413,0,1,1,dark green,-0.008186248
May-12,89.1,92.9,expansion,0.002249719,0.005643341,0.021788991,1,1,1,dark green,0.002293578000000001
Jun-12,88.7,92.9,expansion,-0.004489338,-0.004489338,0.011402509,0,0,1,dark green,-0.010386482
Jul-12,88.8,92.8,expansion,0.001127396,-0.001124859,0.009090909,1,0,1,dark green,-0.0023116000000000005
Ago-12,88.5,92.7,expansion,-0.003378378,-0.006734007,-0.001128668,0,0,0,dark green,-0.010219576999999999
Set-12,88.9,93.0,expansion,0.004519774,0.002254791,-0.002244669,1,1,0,dark green,-0.001116001
Oct-12,89.0,93.3,expansion,0.001124859,0.002252252,0.001124859,1,1,1,dark green,0.003369528
Nov-12,89.0,94.1,expansion,0.0,0.005649718,-0.001122334,0,1,0,dark green,-0.0022471929999999998
Dic-12,89.1,95.1,expansion,0.001123596,0.002249719,0.004509583,1,1,1,dark green,0.005631917
Ene-13,89.7,93.4,expansion,0.006734007,0.007865169,0.010135135,1,1,1,dark green,0.005625552
Feb-13,90.0,93.5,expansion,0.003344482,0.011235955,0.016949153,1,1,1,dark green,0.0068140180000000015
Mar-13,89.8,93.7,expansion,-0.002222222,0.007856341,0.010123735,0,1,1,dark green,-0.0068254180000000015
Abr-13,90.3,93.8,expansion,0.005567929,0.006688963,0.014606742,1,1,1,dark green,0.004483007000000001
May-13,90.6,94.2,expansion,0.003322259,0.006666667,0.017977528,1,1,1,dark green,0.003370785999999999
Jun-13,90.6,94.2,expansion,0.0,0.008908686,0.016835017,0,1,1,dark green,-0.0011425109999999988
Jul-13,90.9,94.1,expansion,0.003311258,0.006644518,0.013377926,1,1,1,dark green,-0.0034570910000000007
Ago-13,91.4,94.4,expansion,0.00550055,0.008830022,0.015555556,1,1,1,dark green,0.00217763
Set-13,92.1,94.7,expansion,0.007658643,0.016556291,0.025612472,1,1,1,dark green,0.010056916
Oct-13,92.3,94.8,expansion,0.002171553,0.01540154,0.022148394,1,1,1,dark green,-0.0034640780000000024
Nov-13,93.0,95.2,expansion,0.007583965,0.01750547,0.026490066,1,1,1,dark green,0.004341672000000001
Dic-13,93.2,95.3,expansion,0.002150538,0.01194354,0.028697572,1,1,1,dark green,0.0022075060000000014
Ene-14,93.3,95.3,expansion,0.001072961,0.010834236,0.02640264,1,1,1,dark green,-0.0022949319999999995
Feb-14,94.0,95.8,expansion,0.00750268,0.010752688,0.028446389,1,1,1,dark green,0.0020437489999999975
Mar-14,94.9,96.3,expansion,0.009574468,0.018240343,0.030401737,1,1,1,dark green,0.0019553480000000026
Abr-14,95.0,96.5,expansion,0.001053741,0.018220793,0.029252438,1,1,1,dark green,-0.001149299000000003
May-14,95.4,96.7,expansion,0.004210526,0.014893617,0.025806452,1,1,1,dark green,-0.003445985999999998
Jun-14,96.2,97.0,expansion,0.008385744,0.01369863,0.032188841,1,1,1,dark green,0.006382389000000002
Jul-14,96.7,97.3,expansion,0.005197505,0.017894737,0.036441586,1,1,1,dark green,0.004252744999999995
Ago-14,96.8,97.5,expansion,0.001034126,0.014675052,0.029787234,1,1,1,dark green,-0.006654351999999999
Set-14,97.5,97.7,expansion,0.007231405,0.013513514,0.02739726,1,1,1,dark green,-0.0023899739999999996
Oct-14,97.6,98.0,expansion,0.001025641,0.009307135,0.027368421,1,1,1,dark green,-2.8838999999999254e-05
Nov-14,97.9,98.4,expansion,0.00307377,0.011363636,0.026205451,1,1,1,dark green,-0.0011629699999999993
Dic-14,98.6,98.7,expansion,0.007150153,0.011282051,0.024948025,1,1,1,dark green,-0.0012574260000000025
Ene-15,98.5,98.9,expansion,-0.001014199,0.009221311,0.018614271,0,1,1,dark green,-0.006333753999999997
Feb-15,98.8,98.9,expansion,0.003045685,0.009193054,0.020661157,1,1,1,dark green,0.0020468859999999978
Mar-15,99.0,98.8,expansion,0.002024291,0.004056795,0.015384615,1,1,1,dark green,-0.005276541999999999
Abr-15,99.4,99.0,expansion,0.004040404,0.009137056,0.018442623,1,1,1,dark green,0.0030580079999999975
May-15,99.7,98.9,expansion,0.003018109,0.009109312,0.018386108,1,1,1,dark green,-5.651499999999657e-05
Jun-15,100.3,98.9,expansion,0.006018054,0.013131313,0.017241379,1,1,1,dark green,-0.0011447290000000006
Jul-15,99.8,99.2,expansion,-0.004985045,0.004024145,0.01319797,0,1,1,dark green,-0.004043409000000001
Ago-15,99.8,99.3,expansion,0.0,0.001003009,0.010121457,0,1,1,dark green,-0.0030765129999999995
Set-15,99.7,99.5,expansion,-0.001002004,-0.005982054,0.007070707,0,0,1,dark green,-0.0030507500000000005
Oct-15,99.9,99.5,expansion,0.002006018,0.001002004,0.005030181,1,1,1,dark green,-0.002040526
Nov-15,100.3,99.4,expansion,0.004004004,0.00501002,0.006018054,1,1,1,dark green,0.0009878730000000002
Dic-15,100.2,99.4,expansion,-0.000997009,0.005015045,-0.000997009,0,1,0,dark green,-0.007015063
Ene-16,99.6,99.6,expansion,-0.005988024,-0.003003003,-0.002004008,0,0,0,orange,-0.0010069989999999997
Feb-16,99.5,99.7,expansion,-0.001004016,-0.007976072,-0.003006012,0,0,0,orange,-0.0010020040000000003
Mar-16,99.5,99.6,expansion,0.0,-0.006986028,-0.002006018,0,0,0,orange,0.0009999940000000001
Abr-16,99.8,99.6,expansion,0.003015075,0.002008032,-0.001001001,1,1,0,orange,0.001005017
May-16,99.7,99.5,expansion,-0.001002004,0.00201005,-0.005982054,0,1,0,orange,-0.004981052999999999
Jun-16,99.9,99.8,expansion,0.002006018,0.004020101,-0.002994012,1,1,0,orange,0.0029880419999999998
Jul-16,100.1,100.0,expansion,0.002002002,0.003006012,0.00502008,1,1,1,dark green,0.008014092
Ago-16,100.2,100.2,expansion,0.000999001,0.005015045,0.007035176,1,1,1,dark green,0.002015096
Set-16,100.3,100.3,expansion,0.000998004,0.004004004,0.008040201,1,1,1,dark green,0.0010050250000000005
Oct-16,100.2,100.4,expansion,-0.000997009,0.000999001,0.004008016,0,1,1,dark green,-0.004032185000000001
Nov-16,100.3,100.4,expansion,0.000998004,0.000998004,0.006018054,1,1,1,dark green,0.0020100380000000004
Dic-16,100.8,100.9,expansion,0.004985045,0.004985045,0.009009009,1,1,1,dark green,0.002990955
Ene-17,101.5,101.0,expansion,0.006944444,0.012974052,0.013986014,1,1,1,dark green,0.004977005
Feb-17,101.9,101.0,expansion,0.003940887,0.015952144,0.016966068,1,1,1,dark green,0.002980054000000001
Mar-17,102.4,101.3,expansion,0.004906771,0.015873016,0.020937188,1,1,1,dark green,0.003971119999999998
Abr-17,102.7,101.5,expansion,0.002929687,0.01182266,0.0249501,1,1,1,dark green,0.004012912
May-17,103.1,101.9,expansion,0.003894839,0.011776251,0.027916251,1,1,1,dark green,0.002966151
Jun-17,103.7,102.0,expansion,0.005819593,0.012695312,0.028769841,1,1,1,dark green,0.0008535900000000013
Jul-17,104.0,102.2,expansion,0.00289296,0.012658228,0.024630542,1,1,1,dark green,-0.0041392990000000025
Ago-17,104.4,102.3,expansion,0.003846154,0.012609117,0.024533857,1,1,1,dark green,-9.668499999999913e-05
Set-17,104.8,102.5,expansion,0.003831418,0.010607522,0.0234375,1,1,1,dark green,-0.0010963569999999992
Oct-17,105.8,103.0,expansion,0.009541985,0.017307692,0.030185005,1,1,1,dark green,0.006747505000000001
Nov-17,106.4,103.4,expansion,0.005671078,0.019157088,0.032007759,1,1,1,dark green,0.0018227539999999959
Dic-17,107.1,103.6,expansion,0.006578947,0.021946565,0.032786885,1,1,1,dark green,0.000779126000000005
Ene-18,108.0,103.5,expansion,0.008403361,0.020793951,0.038461538,1,1,1,dark green,0.005674653000000002
Feb-18,108.7,103.7,expansion,0.006481481,0.021616541,0.041187739,1,1,1,dark green,0.0027262009999999975
Mar-18,109.3,103.9,expansion,0.005519779,0.02054155,0.042938931,1,1,1,dark green,0.0017511919999999986
Abr-18,109.8,104.2,expansion,0.004574565,0.016666667,0.037807183,1,1,1,dark green,-0.0051317479999999985
May-18,110.2,104.3,expansion,0.003642987,0.013799448,0.035714286,1,1,1,dark green,-0.0020928970000000033
Jun-18,111.0,104.6,expansion,0.007259528,0.015553522,0.036414566,1,1,1,dark green,0.0007002800000000045
Jul-18,111.5,104.8,expansion,0.004504505,0.015482696,0.032407407,1,1,1,dark green,-0.004007159000000003
Ago-18,111.8,105.2,expansion,0.002690583,0.014519056,0.028518859,1,1,1,dark green,-0.0038885479999999986
Set-18,112.4,105.2,expansion,0.005366726,0.012612613,0.028362306,1,1,1,dark green,-0.00015655300000000025
Oct-18,112.5,105.2,expansion,0.00088968,0.00896861,0.024590164,1,1,1,dark green,-0.003772141999999999
Nov-18,112.5,105.2,expansion,0.0,0.006261181,0.020871143,0,1,1,dark green,-0.0037190209999999994
Dic-18,112.5,105.7,expansion,0.0,0.00088968,0.013513514,0,1,1,dark green,-0.007357629000000001
Ene-19,112.2,105.7,expansion,-0.002666667,-0.002666667,0.006278027,0,0,1,dark green,-0.0072354870000000005
Feb-19,112.4,105.7,expansion,0.001782531,-0.000888889,0.005366726,1,0,1,dark green,-0.0009113010000000006
Mar-19,112.7,105.7,expansion,0.002669039,0.001777778,0.002669039,1,1,1,dark green,-0.002697687
Abr-19,112.9,105.4,expansion,0.001774623,0.006238859,0.003555556,1,1,1,dark green,0.0008865170000000003
May-19,112.9,105.5,expansion,0.0,0.004448399,0.003555556,0,1,1,dark green,0.0
Jun-19,112.9,105.7,expansion,0.0,0.001774623,0.003555556,0,1,1,dark green,0.0
Jul-19,113.1,105.6,expansion,0.001771479,0.001771479,0.00802139,1,1,1,dark green,0.004465834
Ago-19,112.8,106.0,expansion,-0.00265252,-0.00088574,0.003558719,0,0,1,dark green,-0.004462671
Set-19,112.5,106.0,expansion,-0.002659574,-0.003542958,-0.001774623,0,0,0,orange,-0.005333342
Oct-19,112.1,105.8,expansion,-0.003555556,-0.008841733,-0.007085917,0,0,0,orange,-0.005311293999999999
Nov-19,112.2,106.2,contraction,0.000892061,-0.005319149,-0.006200177,1,0,0,orange,0.0008857399999999994
Dic-19,112.0,106.1,contraction,-0.001782531,-0.004444444,-0.007971656,0,0,0,orange,-0.0017714790000000003
Ene-20,112.5,106.3,contraction,0.004464286,0.003568243,-0.00530504,1,1,0,orange,0.002666616000000001
Feb-20,112.4,106.8,contraction,-0.000888889,0.001782531,-0.003546099,0,1,0,orange,0.0017589409999999995
Mar-20,107.0,104.1,contraction,-0.048042705,-0.044642857,-0.048888889,0,0,0,red,-0.04534279
Abr-20,101.3,92.9,contraction,-0.053271028,-0.099555556,-0.096342551,0,0,0,red,-0.047453662
May-20,103.0,95.6,expansion,0.016781836,-0.083629893,-0.081996435,1,0,0,red,0.014346115999999992
Jun-20,105.3,99.5,expansion,0.022330097,-0.01588785,-0.059821429,1,0,0,red,0.022175006000000004
Jul-20,107.1,101.3,expansion,0.017094017,0.057255676,-0.048,1,1,0,light green,0.011821429000000001
Ago-20,108.0,102.3,expansion,0.008403361,0.048543689,-0.039145907,1,1,0,light green,0.008854093
Set-20,108.6,102.9,expansion,0.005555556,0.031339031,0.014953271,1,1,1,light green,0.054099178
Oct-20,109.3,103.9,expansion,0.006445672,0.02054155,0.078973346,1,1,1,light green,0.064020075
Nov-20,110.1,103.9,expansion,0.007319305,0.019444444,0.068932039,1,1,1,dark green,-0.010041307
Dic-20,110.8,104.1,expansion,0.006357856,0.020257827,0.052231719,1,1,1,dark green,-0.016700319999999998
Ene-21,111.5,104.8,expansion,0.00631769,0.020128088,0.0410831,1,1,1,dark green,-0.011148619000000005
Feb-21,111.4,103.8,expansion,-0.000896861,0.011807448,0.031481481,0,1,1,dark green,-0.009601618999999999
Mar-21,112.6,105.4,expansion,0.010771993,0.016245487,0.036832413,1,1,1,dark green,0.005350932000000003
Abr-21,113.8,105.6,expansion,0.010657194,0.020627803,0.041171089,1,1,1,dark green,0.004338676
May-21,114.8,105.6,expansion,0.008787346,0.030520646,0.042688465,1,1,1,dark green,0.0015173760000000008
Jun-21,115.5,106.0,expansion,0.006097561,0.025754885,0.042418773,1,1,1,dark green,-0.00026969200000000193
Jul-21,116.6,106.4,expansion,0.00952381,0.024604569,0.04573991,1,1,1,dark green,0.0033211370000000018
Ago-21,117.4,106.4,expansion,0.006861063,0.022648084,0.053859964,1,1,1,dark green,0.008120054000000002
Set-21,117.6,106.4,expansion,0.001703578,0.018181818,0.044404973,1,1,1,dark green,-0.009454991000000003
Oct-21,118.1,107.1,expansion,0.004251701,0.012864494,0.037785589,1,1,1,dark green,-0.006619383999999999
Nov-21,118.8,107.4,expansion,0.00592718,0.011925043,0.034843206,1,1,1,dark green,-0.002942383
Dic-21,119.3,107.3,expansion,0.004208754,0.014455782,0.032900433,1,1,1,dark green,-0.0019427730000000018
Ene-22,118.5,107.8,expansion,-0.006705784,0.00338696,0.016295026,0,1,1,dark green,-0.016605407
Feb-22,119.4,108.1,expansion,0.007594937,0.005050505,0.017035775,1,1,1,dark green,0.0007407489999999989
Mar-22,119.3,108.1,expansion,-0.000837521,0.0,0.014455782,0,0,1,dark green,-0.002579992999999999
Abr-22,118.8,108.6,expansion,-0.004191115,0.002531646,0.00592718,0,1,1,dark green,-0.008528602
May-22,118.3,108.8,expansion,-0.004208754,-0.00921273,-0.004208754,0,0,0,dark green,-0.010135934
Jun-22,117.1,108.6,expansion,-0.010143702,-0.018440905,-0.018440905,0,0,0,orange,-0.014232151
