Period;Date;stage;GSPC;SHY;IEF;TLT;GLD;DBC;IGLB
1;3/12/1973;red;-0.00330144;;;;;;
1;4/12/1973;red;-0.00330144;;;;;;
1;5/12/1973;red;-0.015279333;;;;;;
1;6/12/1973;red;0.024522509;;;;;;
1;7/12/1973;red;0.022135183;;;;;;
1;10/12/1973;red;0.014920679;;;;;;
1;11/12/1973;red;-0.019499705;;;;;;
1;12/12/1973;red;-0.025718463;;;;;;
1;13/12/1973;red;-0.012717778;;;;;;
1;14/12/1973;red;0.009850657;;;;;;
1;17/12/1973;red;-0.005788412;;;;;;
1;18/12/1973;red;0.021455503;;;;;;
1;19/12/1973;red;0.000844436;;;;;;
1;20/12/1973;red;-0.002847465;;;;;;
1;21/12/1973;red;-0.010682201;;;;;;
1;24/12/1973;red;-0.006841986;;;;;;
1;26/12/1973;red;0.030570466;;;;;;
1;27/12/1973;red;0.020889911;;;;;;
1;28/12/1973;red;-0.002046214;;;;;;
1;31/12/1973;red;0.000102544;;;;;;
1;2/01/1974;red;0.001332622;;;;;;
1;3/01/1974;red;0.02170355;;;;;;
1;4/01/1974;red;-0.009018051;;;;;;
1;7/01/1974;red;-0.008392334;;;;;;
1;8/01/1974;red;-0.019883725;;;;;;
1;9/01/1974;red;-0.028089934;;;;;;
1;10/01/1974;red;-0.011025464;;;;;;
1;11/01/1974;red;0.013746123;;;;;;
1;14/01/1974;red;-0.002562518;;;;;;
1;15/01/1974;red;0.008670576;;;;;;
1;16/01/1974;red;0.015281702;;;;;;
1;17/01/1974;red;0.017037785;;;;;;
1;18/01/1974;red;-0.017882892;;;;;;
1;21/01/1974;red;-0.001674299;;;;;;
1;22/01/1974;red;0.012054523;;;;;;
1;23/01/1974;red;0.005385775;;;;;;
1;24/01/1974;red;-0.002575461;;;;;;
1;25/01/1974;red;-0.00196243;;;;;;
1;28/01/1974;red;-0.005588336;;;;;;
1;29/01/1974;red;-0.000832492;;;;;;
1;30/01/1974;red;0.010936313;;;;;;
1;31/01/1974;red;-0.005048402;;;;;;
1;1/02/1974;red;-0.012943979;;;;;;
1;4/02/1974;red;-0.021296672;;;;;;
1;5/02/1974;red;-0.003108596;;;;;;
1;6/02/1974;red;0.002795722;;;;;;
1;7/02/1974;red;0.000428918;;;;;;
1;8/02/1974;red;-0.010396583;;;;;;
1;11/02/1974;red;-0.018087275;;;;;;
1;12/02/1974;red;0.003088449;;;;;;
1;13/02/1974;red;0.000439861;;;;;;
1;14/02/1974;red;-0.000329813;;;;;;
1;15/02/1974;red;0.014513466;;;;;;
1;19/02/1974;red;-0.001625598;;;;;;
1;20/02/1974;red;0.014329132;;;;;;
1;21/02/1974;red;0.013591573;;;;;;
1;22/02/1974;red;0.007179815;;;;;;
1;25/02/1974;red;-0.003773987;;;;;;
1;26/02/1974;red;0.010207316;;;;;;
1;27/02/1974;red;0.004166683;;;;;;
1;28/02/1974;red;-0.001867223;;;;;;
1;1/03/1974;red;-0.007171092;;;;;;
1;4/03/1974;red;0;;;;;;
1;5/03/1974;red;0.018737579;;;;;;
1;6/03/1974;red;0.006781789;;;;;;
1;7/03/1974;red;-0.01061442;;;;;;
1;8/03/1974;red;0.008665116;;;;;;
1;11/03/1974;red;0.011249729;;;;;;
1;12/03/1974;red;0.002730626;;;;;;
1;13/03/1974;red;0.005950543;;;;;;
1;14/03/1974;red;-0.000902309;;;;;;
1;15/03/1974;red;-0.003713023;;;;;;
1;18/03/1974;red;-0.012389159;;;;;;
1;19/03/1974;red;-0.008363077;;;;;;
1;20/03/1974;red;0.003496825;;;;;;
1;21/03/1974;red;-0.002357316;;;;;;
1;22/03/1974;red;-0.000719126;;;;;;
1;25/03/1974;red;0.003803873;;;;;;
1;26/03/1974;red;0.003174903;;;;;;
1;27/03/1974;red;-0.013884642;;;;;;
1;28/03/1974;red;-0.018324844;;;;;;
1;29/03/1974;red;-0.008858852;;;;;;
1;1/04/1974;red;-0.007767646;;;;;;
1;2/04/1974;red;0.00107237;;;;;;
1;3/04/1974;red;0.010498162;;;;;;
1;4/04/1974;red;0;;;;;;
1;5/04/1974;red;-0.013993424;;;;;;
1;8/04/1974;red;-0.010536537;;;;;;
1;9/04/1974;red;0.006302313;;;;;;
1;10/04/1974;red;-0.002267564;;;;;;
1;11/04/1974;red;-0.00303029;;;;;;
1;15/04/1974;red;-0.000759875;;;;;;
1;16/04/1974;red;0.0174905;;;;;;
1;17/04/1974;red;0.007473809;;;;;;
1;18/04/1974;red;0.004451019;;;;;;
1;19/04/1974;red;-0.010867259;;;;;;
1;22/04/1974;red;-0.003946696;;;;;;
1;23/04/1974;red;-0.016813019;;;;;;
1;24/04/1974;red;-0.016446951;;;;;;
1;25/04/1974;red;-0.008084201;;;;;;
1;26/04/1974;red;0.006810323;;;;;;
1;29/04/1974;red;-0.001996011;;;;;;
1;30/04/1974;red;0.003444417;;;;;;
1;1/05/1974;red;0.021149415;;;;;;
1;2/05/1974;red;-0.001409725;;;;;;
1;3/05/1974;red;-0.008687104;;;;;;
1;6/05/1974;red;-0.001862177;;;;;;
1;7/05/1974;red;0.003731303;;;;;;
1;8/05/1974;red;0.001968077;;;;;;
1;9/05/1974;red;0.014404187;;;;;;
1;10/05/1974;red;-0.016028376;;;;;;
1;13/05/1974;red;-0.008855336;;;;;;
1;14/05/1974;red;0.000330893;;;;;;
1;15/05/1974;red;-0.002646438;;;;;;
1;16/05/1974;red;-0.00807071;;;;;;
1;17/05/1974;red;-0.016830162;;;;;;
1;20/05/1974;red;-0.003967787;;;;;;
1;21/05/1974;red;0.000569122;;;;;;
1;22/05/1974;red;-0.009327804;;;;;;
1;23/05/1974;red;0.002296528;;;;;;
1;24/05/1974;red;0.014778335;;;;;;
1;28/05/1974;red;-0.002370728;;;;;;
1;29/05/1974;red;-0.016747803;;;;;;
1;30/05/1974;red;0.006214765;;;;;;
1;31/05/1974;red;-0.001715676;;;;;;
1;3/06/1974;red;0.020852426;;;;;;
1;4/06/1974;red;0.011672289;;;;;;
1;5/06/1974;red;0.001885935;;;;;;
1;6/06/1974;red;0.018270419;;;;;;
1;7/06/1974;red;0.006415876;;;;;;
1;10/06/1974;red;0.005942684;;;;;;
1;11/06/1974;red;-0.00880773;;;;;;
1;12/06/1974;red;-0.002384062;;;;;;
1;13/06/1974;red;0.003041482;;;;;;
1;14/06/1974;red;-0.011262652;;;;;;
1;17/06/1974;red;-0.01380068;;;;;;
1;18/06/1974;red;-0.006552687;;;;;;
1;19/06/1974;red;-0.006819459;;;;;;
1;20/06/1974;red;-0.00709137;;;;;;
1;21/06/1974;red;-0.008502437;;;;;;
1;24/06/1974;red;0.002629812;;;;;;
1;25/06/1974;red;0.014710924;;;;;;
1;26/06/1974;red;-0.015396749;;;;;;
1;27/06/1974;red;-0.014838523;;;;;;
1;28/06/1974;red;-0.003591676;;;;;;
1;1/07/1974;red;0.000232519;;;;;;
1;2/07/1974;red;-0.019995276;;;;;;
1;3/07/1974;red;-0.000593156;;;;;;
1;5/07/1974;red;-0.007002924;;;;;;
1;8/07/1974;red;-0.030719665;;;;;;
1;9/07/1974;red;0.004809558;;;;;;
1;10/07/1974;red;-0.018286763;;;;;;
1;11/07/1974;red;-0.001250137;;;;;;
1;12/07/1974;red;0.040806135;;;;;;
1;15/07/1974;red;0.007576635;;;;;;
1;16/07/1974;red;-0.011577957;;;;;;
1;17/07/1974;red;0.010747487;;;;;;
1;18/07/1974;red;0.000955816;;;;;;
1;19/07/1974;red;-0.00286462;;;;;;
1;22/07/1974;red;0.003231944;;;;;;
1;23/07/1974;red;0.010022718;;;;;;
1;24/07/1974;red;0.004016495;;;;;;
1;25/07/1974;red;-0.011883687;;;;;;
1;26/07/1974;red;-0.018814024;;;;;;
1;29/07/1974;red;-0.017718435;;;;;;
1;30/07/1974;red;-0.005436156;;;;;;
1;31/07/1974;red;-0.014782639;;;;;;
1;1/08/1974;red;-0.00706087;;;;;;
1;2/08/1974;red;-0.002031793;;;;;;
1;5/08/1974;red;0.008907044;;;;;;
1;6/08/1974;red;0.015512621;;;;;;
1;7/08/1974;red;0.026453117;;;;;;
1;8/08/1974;red;-0.013067173;;;;;;
1;9/08/1974;red;-0.008704169;;;;;;
1;12/08/1974;red;-0.013727438;;;;;;
1;13/08/1974;red;-0.0157994;;;;;;
1;14/08/1974;red;-0.022423169;;;;;;
1;15/08/1974;red;-0.00560407;;;;;;
1;16/08/1974;red;-0.008256944;;;;;;
1;19/08/1974;red;-0.014536785;;;;;;
1;20/08/1974;red;0.005095846;;;;;;
1;21/08/1974;red;-0.01921274;;;;;;
1;22/08/1974;red;-0.009658537;;;;;;
1;23/08/1974;red;-0.017170329;;;;;;
1;26/08/1974;red;0.008525515;;;;;;
1;27/08/1974;red;-0.01690689;;;;;;
1;28/08/1974;red;-0.00253736;;;;;;
1;29/08/1974;red;-0.010881914;;;;;;
1;30/08/1974;red;0.030861605;;;;;;
1;3/09/1974;red;-0.02259189;;;;;;
1;4/09/1974;red;-0.025950004;;;;;;
1;5/09/1974;red;0.031736792;;;;;;
1;6/09/1974;red;0.007760624;;;;;;
1;9/09/1974;red;-0.023802814;;;;;;
1;10/09/1974;red;-0.00688473;;;;;;
1;11/09/1974;red;-0.009965263;;;;;;
1;12/09/1974;red;-0.026841778;;;;;;
1;13/09/1974;red;-0.022635319;;;;;;
1;16/09/1974;red;0.016257749;;;;;;
1;17/09/1974;red;0.016903035;;;;;;
1;18/09/1974;red;0.005046067;;;;;;
1;19/09/1974;red;0.034996974;;;;;;
1;20/09/1974;red;0.000713412;;;;;;
1;23/09/1974;red;-0.010265201;;;;;;
1;24/09/1974;red;-0.020167121;;;;;;
1;25/09/1974;red;-0.006615657;;;;;;
1;26/09/1974;red;-0.016427418;;;;;;
1;27/09/1974;red;-0.02287085;;;;;;
1;30/09/1974;red;-0.021558384;;;;;;
1;1/10/1974;red;-0.002360742;;;;;;
1;2/10/1974;red;-0.000157727;;;;;;
1;3/10/1974;red;-0.017355669;;;;;;
1;4/10/1974;red;0.000963413;;;;;;
1;7/10/1974;red;0.041867129;;;;;;
1;8/10/1974;red;-0.00169362;;;;;;
1;9/10/1974;red;0.045959339;;;;;;
1;10/10/1974;red;0.029047497;;;;;;
1;11/10/1974;red;0.019343723;;;;;;
1;14/10/1974;red;0.022490842;;;;;;
1;15/10/1974;red;-0.01787181;;;;;;
1;16/10/1974;red;-0.015537522;;;;;;
1;17/10/1974;red;0.011943642;;;;;;
1;18/10/1974;red;0.015596468;;;;;;
1;21/10/1974;red;0.016878822;;;;;;
1;22/10/1974;red;-0.005034051;;;;;;
1;23/10/1974;red;-0.028715965;;;;;;
1;24/10/1974;red;-0.011403598;;;;;;
1;25/10/1974;red;-0.001424074;;;;;;
1;28/10/1974;red;-0.000427929;;;;;;
1;29/10/1974;red;0.039092676;;;;;;
1;30/10/1974;red;0.020321237;;;;;;
1;31/10/1974;red;-0.005517374;;;;;;
1;1/11/1974;red;-0.000270694;;;;;;
1;4/11/1974;red;-0.010828309;;;;;;
1;5/11/1974;red;0.02777776;;;;;;
1;6/11/1974;red;-0.004792978;;;;;;
1;7/11/1974;red;0.006153834;;;;;;
1;8/11/1974;red;-0.00398877;;;;;;
1;11/11/1974;red;0.003203816;;;;;;
1;12/11/1974;red;-0.01969399;;;;;;
1;13/11/1974;red;-0.004343691;;;;;;
1;14/11/1974;red;-0.003953659;;;;;;
1;15/11/1974;red;-0.015740404;;;;;;
1;18/11/1974;red;-0.036712653;;;;;;
1;19/11/1974;red;-0.015446799;;;;;;
1;20/11/1974;red;-0.00439876;;;;;;
1;21/11/1974;red;0.004123693;;;;;;
1;22/11/1974;red;0.010560299;;;;;;
1;25/11/1974;red;-0.001015961;;;;;;
1;26/11/1974;red;0.009298262;;;;;;
1;27/11/1974;red;0.006765528;;;;;;
1;29/11/1974;red;0.000428922;;;;;;
1;2/12/1974;red;-0.026582829;;;;;;
1;3/12/1974;red;-0.01380124;;;;;;
1;4/12/1974;red;0.003573106;;;;;;
1;5/12/1974;red;-0.018988375;;;;;;
1;6/12/1974;red;-0.016936264;;;;;;
1;9/12/1974;red;0.00907547;;;;;;
1;10/12/1974;red;0.025609761;;;;;;
1;11/12/1974;red;0.005796662;;;;;;
1;12/12/1974;red;-0.003251089;;;;;;
1;13/12/1974;red;-0.005633762;;;;;;
1;16/12/1974;red;-0.009094985;;;;;;
1;17/12/1974;red;0.016852284;;;;;;
1;18/12/1974;red;0.004735124;;;;;;
1;19/12/1974;red;-0.003681885;;;;;;
1;20/12/1974;red;-0.010938623;;;;;;
1;23/12/1974;red;-0.014198244;;;;;;
1;24/12/1974;red;0.01394782;;;;;;
1;26/12/1974;red;0.008373284;;;;;;
1;27/12/1974;red;-0.004448444;;;;;;
1;30/12/1974;red;0.000297949;;;;;;
1;31/12/1974;red;0.02084565;;;;;;
1;2/01/1975;red;0.024358312;;;;;;
1;3/01/1975;red;0.006834625;;;;;;
1;6/01/1975;red;0.005091226;;;;;;
1;7/01/1975;red;-0.000703575;;;;;;
1;8/01/1975;red;-0.01379887;;;;;;
1;9/01/1975;red;0.016133598;;;;;;
1;10/01/1975;red;0.020233279;;;;;;
1;13/01/1975;red;-0.004131704;;;;;;
1;14/01/1975;red;-0.00871245;;;;;;
1;15/01/1975;red;0.006417398;;;;;;
1;16/01/1975;red;-0.001247523;;;;;;
1;17/01/1975;red;-0.015128438;;;;;;
1;20/01/1975;red;0.001691132;;;;;;
1;21/01/1975;red;-0.005346157;;;;;;
1;22/01/1975;red;0.014710056;;;;;;
1;23/01/1975;red;0.00459997;;;;;;
1;24/01/1975;red;0.012626664;;;;;;
1;27/01/1975;red;0.032748688;;;;;;
1;28/01/1975;red;0.008756747;;;;;;
1;29/01/1975;red;0.016177869;;;;;;
1;30/01/1975;red;-0.013590513;;;;;;
1;31/01/1975;red;0.010103717;;;;;;
1;3/02/1975;red;0.010911877;;;;;;
1;4/02/1975;red;-0.002698523;;;;;;
1;5/02/1975;red;0.017265769;;;;;;
1;6/02/1975;red;-0.004939828;;;;;;
1;7/02/1975;red;0.000891035;;;;;;
1;10/02/1975;red;-0.003433761;;;;;;
1;11/02/1975;red;0.00280757;;;;;;
1;12/02/1975;red;0.017052638;;;;;;
1;13/02/1975;red;0.013638689;;;;;;
1;14/02/1975;red;0.006048609;;;;;;
1;18/02/1975;red;-0.006993861;;;;;;
1;19/02/1975;red;0.006301769;;;;;;
1;20/02/1975;red;0.009454772;;;;;;
1;21/02/1975;red;0.004987273;;;;;;
1;24/02/1975;red;-0.014282259;;;;;;
1;25/02/1975;red;-0.023452893;;;;;;
1;26/02/1975;red;0.010562102;;;;;;
1;27/02/1975;red;0.004976905;;;;;;
1;28/02/1975;red;0.010152281;;;;;;
1;3/03/1975;red;0.017649252;;;;;;
1;4/03/1975;red;0.00638322;;;;;;
1;5/03/1975;red;0.00406898;;;;;;
1;6/03/1975;red;-0.002502969;;;;;;
1;7/03/1975;red;0.007288811;;;;;;
1;10/03/1975;red;0.007710485;;;;;;
1;11/03/1975;red;-0.006945219;;;;;;
1;12/03/1975;red;-0.009127599;;;;;;
1;13/03/1975;red;0.001794491;;;;;;
1;14/03/1975;red;0.01218061;;;;;;
1;17/03/1975;red;0.014747522;;;;;;
1;18/03/1975;red;-0.010231425;;;;;;
1;19/03/1975;red;-0.009279936;;;;;;
1;20/03/1975;red;-0.008655392;;;;;;
1;21/03/1975;red;-0.002631279;;;;;;
1;24/03/1975;red;-0.023623951;;;;;;
1;25/03/1975;red;0.007860469;;;;;;
1;26/03/1975;red;0.01864488;;;;;;
1;27/03/1975;red;0.003110446;;;;;;
1;31/03/1975;red;-0.005843743;;;;;;
2;4/09/1979;red;-0.009679829;;;;;;
2;5/09/1979;red;-0.009679829;;;;;;
2;6/09/1979;red;0.004229295;;;;;;
2;7/09/1979;red;0.007580769;;;;;;
2;10/09/1979;red;0.004737084;;;;;;
2;11/09/1979;red;-0.006101471;;;;;;
2;12/09/1979;red;0.00288343;;;;;;
2;13/09/1979;red;0.00027823;;;;;;
2;14/09/1979;red;0.008437678;;;;;;
2;17/09/1979;red;0.000735511;;;;;;
2;18/09/1979;red;-0.007717717;;;;;;
2;19/09/1979;red;0.002592581;;;;;;
2;20/09/1979;red;0.020594785;;;;;;
2;21/09/1979;red;-0.000361966;;;;;;
2;24/09/1979;red;-0.007784924;;;;;;
2;25/09/1979;red;0.000638625;;;;;;
2;26/09/1979;red;0.00255287;;;;;;
2;27/09/1979;red;0.002273554;;;;;;
2;28/09/1979;red;-0.008075487;;;;;;
2;1/10/1979;red;-0.006952087;;;;;;
2;2/10/1979;red;0.009487829;;;;;;
2;3/10/1979;red;0;;;;;;
2;4/10/1979;red;0.005292471;;;;;;
2;5/10/1979;red;0.009984555;;;;;;
2;8/10/1979;red;-0.01249213;;;;;;
2;9/10/1979;red;-0.029577722;;;;;;
2;10/10/1979;red;-0.012472984;;;;;;
2;11/10/1979;red;-0.002374169;;;;;;
2;12/10/1979;red;-0.005330844;;;;;;
2;15/10/1979;red;-0.010814406;;;;;;
2;16/10/1979;red;-0.001644719;;;;;;
2;17/10/1979;red;0.001938143;;;;;;
2;18/10/1979;red;0.002127877;;;;;;
2;19/10/1979;red;-0.019399692;;;;;;
2;22/10/1979;red;-0.008759837;;;;;;
2;23/10/1979;red;-0.004269688;;;;;;
2;24/10/1979;red;0.001595568;;;;;;
2;25/10/1979;red;-0.004380749;;;;;;
2;26/10/1979;red;0.005699997;;;;;;
2;29/10/1979;red;0.001392059;;;;;;
2;30/10/1979;red;0.019461812;;;;;;
2;31/10/1979;red;-0.008278938;;;;;;
2;1/11/1979;red;0.00736594;;;;;;
2;2/11/1979;red;-0.000584943;;;;;;
2;5/11/1979;red;-0.006731074;;;;;;
2;6/11/1979;red;-0.006089204;;;;;;
2;7/11/1979;red;-0.013142235;;;;;;
2;8/11/1979;red;0.004305601;;;;;;
2;9/11/1979;red;0.012063798;;;;;;
2;12/11/1979;red;0.019702492;;;;;;
2;13/11/1979;red;-0.005506711;;;;;;
2;14/11/1979;red;0.004371449;;;;;;
2;15/11/1979;red;0.007157345;;;;;;
2;16/11/1979;red;-0.003265115;;;;;;
2;19/11/1979;red;0.004239353;;;;;;
2;20/11/1979;red;-0.005180859;;;;;;
2;21/11/1979;red;0.001928797;;;;;;
2;23/11/1979;red;0.00750793;;;;;;
2;26/11/1979;red;0.020349718;;;;;;
2;27/11/1979;red;-0.003932638;;;;;;
2;28/11/1979;red;0.003666096;;;;;;
2;29/11/1979;red;0.000374646;;;;;;
2;30/11/1979;red;-0.006085516;;;;;;
2;3/12/1979;red;-0.003108533;;;;;;
2;4/12/1979;red;0.009071143;;;;;;
2;5/12/1979;red;0.004307511;;;;;;
2;6/12/1979;red;0.006993007;;;;;;
2;7/12/1979;red;-0.004444476;;;;;;
2;10/12/1979;red;0.001395104;;;;;;
2;11/12/1979;red;-0.001671778;;;;;;
2;12/12/1979;red;0.000279084;;;;;;
2;13/12/1979;red;0.001395104;;;;;;
2;14/12/1979;red;0.011609548;;;;;;
2;17/12/1979;red;0.003764264;;;;;;
2;18/12/1979;red;-0.009421007;;;;;;
2;19/12/1979;red;-0.000923418;;;;;;
2;20/12/1979;red;0.000554577;;;;;;
2;21/12/1979;red;-0.006188858;;;;;;
2;24/12/1979;red;0.000650687;;;;;;
2;26/12/1979;red;0.001114575;;;;;;
2;27/12/1979;red;0.001670071;;;;;;
2;28/12/1979;red;-0.001111549;;;;;;
2;31/12/1979;red;0.000927356;;;;;;
2;2/01/1980;red;-0.020196408;;;;;;
2;3/01/1980;red;-0.005105909;;;;;;
2;4/01/1980;red;0.012355022;;;;;;
2;7/01/1980;red;0.002722503;;;;;;
2;8/01/1980;red;0.020035571;;;;;;
2;9/01/1980;red;0.000917909;;;;;;
2;10/01/1980;red;0.007702854;;;;;;
2;11/01/1980;red;0.000272989;;;;;;
2;14/01/1980;red;0.004184854;;;;;;
2;15/01/1980;red;0.006885325;;;;;;
2;16/01/1980;red;-0.000809756;;;;;;
2;17/01/1980;red;-0.003151789;;;;;;
2;18/01/1980;red;0.003342392;;;;;;
2;21/01/1980;red;0.00927342;;;;;;
2;22/01/1980;red;-0.005263126;;;;;;
2;23/01/1980;red;0.017307867;;;;;;
2;24/01/1980;red;0.002291912;;;;;;
2;25/01/1980;red;-0.000791524;;;;;;
2;28/01/1980;red;0.010914514;;;;;;
2;29/01/1980;red;-0.006791457;;;;;;
2;30/01/1980;red;0.009906173;;;;;;
2;31/01/1980;red;-0.009027719;;;;;;
2;1/02/1980;red;0.008409241;;;;;;
2;4/02/1980;red;-0.006514941;;;;;;
2;5/02/1980;red;0.002535639;;;;;;
2;6/02/1980;red;0.009244701;;;;;;
2;7/02/1980;red;0.004839246;;;;;;
2;8/02/1980;red;0.014361869;;;;;;
2;11/02/1980;red;-0.007036831;;;;;;
2;12/02/1980;red;0.006659826;;;;;;
2;13/02/1980;red;0.00458016;;;;;;
2;14/02/1980;red;-0.014522131;;;;;;
2;15/02/1980;red;-0.011223419;;;;;;
2;19/02/1980;red;-0.007018501;;;;;;
2;20/02/1980;red;0.01631765;;;;;;
2;21/02/1980;red;-0.010217244;;;;;;
2;22/02/1980;red;-0.002081869;;;;;;
2;25/02/1980;red;-0.014864387;;;;;;
2;26/02/1980;red;0.005735477;;;;;;
2;27/02/1980;red;-0.014037604;;;;;;
2;28/02/1980;red;-0.000266941;;;;;;
2;29/02/1980;red;0.011660038;;;;;;
2;3/03/1980;red;-0.010205909;;;;;;
2;4/03/1980;red;0.002488878;;;;;;
2;5/03/1980;red;-0.014630267;;;;;;
2;6/03/1980;red;-0.022316169;;;;;;
2;7/03/1980;red;-0.016106765;;;;;;
2;10/03/1980;red;-0.003648264;;;;;;
2;11/03/1980;red;0.011923732;;;;;;
2;12/03/1980;red;-0.008443089;;;;;;
2;13/03/1980;red;-0.011696453;;;;;;
2;14/03/1980;red;-0.001798924;;;;;;
2;17/03/1980;red;-0.030067326;;;;;;
2;18/03/1980;red;0.017993315;;;;;;
2;19/03/1980;red;0.002017282;;;;;;
2;20/03/1980;red;-0.011408254;;;;;;
2;21/03/1980;red;-0.007854976;;;;;;
2;24/03/1980;red;-0.029615862;;;;;;
2;25/03/1980;red;-0.00090649;;;;;;
2;26/03/1980;red;-0.005141669;;;;;;
2;27/03/1980;red;-0.004661523;;;;;;
2;28/03/1980;red;0.025045806;;;;;;
2;31/03/1980;red;0.014004728;;;;;;
2;1/04/1980;red;0.000881614;;;;;;
2;2/04/1980;red;0.004893325;;;;;;
2;3/04/1980;red;-0.005161656;;;;;;
2;7/04/1980;red;-0.01918746;;;;;;
2;8/04/1980;red;0.010080791;;;;;;
2;9/04/1980;red;0.018873555;;;;;;
2;10/04/1980;red;0.009407441;;;;;;
2;11/04/1980;red;-0.002786327;;;;;;
2;14/04/1980;red;-0.009153142;;;;;;
2;15/04/1980;red;-0.002041997;;;;;;
2;16/04/1980;red;-0.010620641;;;;;;
2;17/04/1980;red;-0.004825663;;;;;;
2;18/04/1980;red;-0.004948045;;;;;;
2;21/04/1980;red;-0.007458976;;;;;;
2;22/04/1980;red;0.036372717;;;;;;
2;23/04/1980;red;0.002900542;;;;;;
2;24/04/1980;red;0.006459058;;;;;;
2;25/04/1980;red;0.007279714;;;;;;
2;28/04/1980;red;0.004564432;;;;;;
2;29/04/1980;red;0.002082556;;;;;;
2;30/04/1980;red;0.004061971;;;;;;
2;1/05/1980;red;-0.007808842;;;;;;
2;2/05/1980;red;0.001137898;;;;;;
2;5/05/1980;red;0.00757715;;;;;;
2;6/05/1980;red;-0.001222009;;;;;;
2;7/05/1980;red;0.008752944;;;;;;
2;8/05/1980;red;-0.009796632;;;;;;
2;9/05/1980;red;-0.013285557;;;;;;
2;12/05/1980;red;0.000572934;;;;;;
2;13/05/1980;red;0.014506626;;;;;;
2;14/05/1980;red;0.005173992;;;;;;
2;15/05/1980;red;0.001310242;;;;;;
2;16/05/1980;red;0.003364806;;;;;;
2;19/05/1980;red;0.002980901;;;;;;
2;20/05/1980;red;-0.00046434;;;;;;
2;21/05/1980;red;0.000929181;;;;;;
2;22/05/1980;red;0.0119755;;;;;;
2;23/05/1980;red;0.014769292;;;;;;
2;27/05/1980;red;0.007051155;;;;;;
2;28/05/1980;red;0.005924561;;;;;;
2;29/05/1980;red;-0.015973595;;;;;;
2;30/05/1980;red;0.008796602;;;;;;
2;2/06/1980;red;-0.004314957;;;;;;
2;3/06/1980;red;-0.002257132;;;;;;
2;4/06/1980;red;0.019002791;;;;;;
2;5/06/1980;red;0.001509619;;;;;;
2;6/06/1980;red;0.003724048;;;;;;
2;9/06/1980;red;0.00450532;;;;;;
2;10/06/1980;red;0.008354627;;;;;;
2;11/06/1980;red;0.011861092;;;;;;
2;12/06/1980;red;-0.004309602;;;;;;
2;13/06/1980;red;0.002510397;;;;;;
2;16/06/1980;red;0.002417742;;;;;;
2;17/06/1980;red;-0.000516819;;;;;;
2;18/06/1980;red;0.001982274;;;;;;
2;19/06/1980;red;-0.013762243;;;;;;
2;20/06/1980;red;-0.005232915;;;;;;
2;23/06/1980;red;0.003945331;;;;;;
2;24/06/1980;red;0.005501679;;;;;;
2;25/06/1980;red;0.013722441;;;;;;
2;26/06/1980;red;-0.004540771;;;;;;
2;27/06/1980;red;-0.001635273;;;;;;
2;30/06/1980;red;-0.015172432;;;;;;
2;1/07/1980;red;0.006039937;;;;;;
2;2/07/1980;red;0.006525711;;;;;;
2;3/07/1980;red;0.015387265;;;;;;
2;7/07/1980;red;0.007066251;;;;;;
2;8/07/1980;red;-0.003804249;;;;;;
2;9/07/1980;red;0.001188112;;;;;;
2;10/07/1980;red;-0.008730348;;;;;;
2;11/07/1980;red;0.007610085;;;;;;
2;14/07/1980;red;0.01841485;;;;;;
2;15/07/1980;red;-0.005916165;;;;;;
2;16/07/1980;red;0.002766087;;;;;;
2;17/07/1980;red;0.015130027;;;;;;
2;18/07/1980;red;0.004940699;;;;;;
2;21/07/1980;red;0.003851206;;;;;;
2;22/07/1980;red;-0.002612029;;;;;;
2;23/07/1980;red;-0.002127851;;;;;;
2;24/07/1980;red;-0.001148195;;;;;;
2;25/07/1980;red;-0.00829298;;;;;;
2;28/07/1980;red;0.005381698;;;;;;
2;29/07/1980;red;0.007988151;;;;;;
2;30/07/1980;red;-0.001388873;;;;;;
2;31/07/1980;red;-0.004581569;;;;;;
3;1/09/1981;red;0.003820528;;;;;;
3;2/09/1981;red;0.003820528;;;;;;
3;3/09/1981;red;-0.018220099;;;;;;
3;4/09/1981;red;-0.009650266;;;;;;
3;8/09/1981;red;-0.017406482;;;;;;
3;9/09/1981;red;0.003559909;;;;;;
3;10/09/1981;red;0.014695928;;;;;;
3;11/09/1981;red;0.012235735;;;;;;
3;14/09/1981;red;-0.007811832;;;;;;
3;15/09/1981;red;-0.007376157;;;;;;
3;16/09/1981;red;-0.007514352;;;;;;
3;17/09/1981;red;-0.014469598;;;;;;
3;18/09/1981;red;-0.007597093;;;;;;
3;21/09/1981;red;0.008429346;;;;;;
3;22/09/1981;red;-0.004776506;;;;;;
3;23/09/1981;red;-0.008827552;;;;;;
3;24/09/1981;red;-0.005533933;;;;;;
3;25/09/1981;red;-0.019476615;;;;;;
3;28/09/1981;red;0.024474615;;;;;;
3;29/09/1981;red;0.003548893;;;;;;
3;30/09/1981;red;0.002070018;;;;;;
3;1/10/1981;red;0.007746613;;;;;;
3;2/10/1981;red;0.019473853;;;;;;
3;5/10/1981;red;0.001256715;;;;;;
3;6/10/1981;red;-0.001004123;;;;;;
3;7/10/1981;red;0.016081734;;;;;;
3;8/10/1981;red;0.008243344;;;;;;
3;9/10/1981;red;-0.00703132;;;;;;
3;12/10/1981;red;-0.001976104;;;;;;
3;13/10/1981;red;-0.003547565;;;;;;
3;14/10/1981;red;-0.016393407;;;;;;
3;15/10/1981;red;0.007659899;;;;;;
3;16/10/1981;red;-0.004343803;;;;;;
3;19/10/1981;red;-0.001761884;;;;;;
3;20/10/1981;red;0.010926167;;;;;;
3;21/10/1981;red;-0.001496511;;;;;;
3;22/10/1981;red;-0.003830134;;;;;;
3;23/10/1981;red;-0.008692752;;;;;;
3;26/10/1981;red;-0.003709906;;;;;;
3;27/10/1981;red;0.00956328;;;;;;
3;28/10/1981;red;0.001341236;;;;;;
3;29/10/1981;red;-0.003264959;;;;;;
3;30/10/1981;red;0.023769544;;;;;;
3;2/11/1981;red;0.018951493;;;;;;
3;3/11/1981;red;0.004830968;;;;;;
3;4/11/1981;red;-0.000480811;;;;;;
3;5/11/1981;red;-0.009619986;;;;;;
3;6/11/1981;red;-0.007042275;;;;;;
3;9/11/1981;red;0.005054233;;;;;;
3;10/11/1981;red;-0.004785498;;;;;;
3;11/11/1981;red;0.001793002;;;;;;
3;12/11/1981;red;0.002196585;;;;;;
3;13/11/1981;red;-0.012338698;;;;;;
3;16/11/1981;red;-0.011753105;;;;;;
3;17/11/1981;red;0.007568227;;;;;;
3;18/11/1981;red;-0.00734626;;;;;;
3;19/11/1981;red;0.003741868;;;;;;
3;20/11/1981;red;0.008284318;;;;;;
3;23/11/1981;red;-0.000903793;;;;;;
3;24/11/1981;red;0.015707267;;;;;;
3;25/11/1981;red;0.004372124;;;;;;
3;27/11/1981;red;0.008383661;;;;;;
3;30/11/1981;red;0.010072766;;;;;;
3;1/12/1981;red;-0.001978631;;;;;;
3;2/12/1981;red;-0.011181571;;;;;;
3;3/12/1981;red;0.003448555;;;;;;
3;4/12/1981;red;0.009111248;;;;;;
3;7/12/1981;red;-0.008474574;;;;;;
3;8/12/1981;red;-0.002955529;;;;;;
3;9/12/1981;red;0.005287644;;;;;;
3;10/12/1981;red;0.001832927;;;;;;
3;11/12/1981;red;-0.006204747;;;;;;
3;14/12/1981;red;-0.017209649;;;;;;
3;15/12/1981;red;0.001710369;;;;;;
3;16/12/1981;red;-0.004634521;;;;;;
3;17/12/1981;red;0.005718057;;;;;;
3;18/12/1981;red;0.007147476;;;;;;
3;21/12/1981;red;-0.00532261;;;;;;
3;22/12/1981;red;-0.00372952;;;;;;
3;23/12/1981;red;-0.00463867;;;;;;
3;24/12/1981;red;0.001880495;;;;;;
3;28/12/1981;red;-0.002203397;;;;;;
3;29/12/1981;red;-0.00490716;;;;;;
3;30/12/1981;red;0.005177981;;;;;;
3;31/12/1981;red;0.002044154;;;;;;
3;4/01/1982;red;0.001550345;;;;;;
3;5/01/1982;red;-0.021916204;;;;;;
3;6/01/1982;red;-0.007247004;;;;;;
3;7/01/1982;red;-0.002097667;;;;;;
3;8/01/1982;red;0.005213174;;;;;;
3;11/01/1982;red;-0.023170257;;;;;;
3;12/01/1982;red;-0.004110256;;;;;;
3;13/01/1982;red;-0.012209852;;;;;;
3;14/01/1982;red;0.005745157;;;;;;
3;15/01/1982;red;0.006837467;;;;;;
3;18/01/1982;red;0.007650644;;;;;;
3;19/01/1982;red;-0.010663709;;;;;;
3;20/01/1982;red;-0.006036083;;;;;;
3;21/01/1982;red;0.004164166;;;;;;
3;22/01/1982;red;-0.003196568;;;;;;
3;25/01/1982;red;0.000260066;;;;;;
3;26/01/1982;red;-0.001906258;;;;;;
3;27/01/1982;red;0.004774681;;;;;;
3;28/01/1982;red;0.027475379;;;;;;
3;29/01/1982;red;0.012445369;;;;;;
3;1/02/1982;red;-0.021760819;;;;;;
3;2/02/1982;red;0.001952821;;;;;;
3;3/02/1982;red;-0.012964992;;;;;;
3;4/02/1982;red;-0.000515155;;;;;;
3;5/02/1982;red;0.007215289;;;;;;
3;8/02/1982;red;-0.022428831;;;;;;
3;9/02/1982;red;-0.008287508;;;;;;
3;10/02/1982;red;0.00862072;;;;;;
3;11/02/1982;red;-0.00200596;;;;;;
3;12/02/1982;red;-0.000436975;;;;;;
3;16/02/1982;red;-0.002797689;;;;;;
3;17/02/1982;red;-0.003243865;;;;;;
3;18/02/1982;red;0.001143437;;;;;;
3;19/02/1982;red;-0.005271468;;;;;;
3;22/02/1982;red;-0.014396793;;;;;;
3;23/02/1982;red;-0.000716858;;;;;;
3;24/02/1982;red;0.017576891;;;;;;
3;25/02/1982;red;-0.002291373;;;;;;
3;26/02/1982;red;-0.000883301;;;;;;
3;1/03/1982;red;0.001768164;;;;;;
3;2/03/1982;red;-0.005559945;;;;;;
3;3/03/1982;red;-0.015619472;;;;;;
3;4/03/1982;red;-0.009376135;;;;;;
3;5/03/1982;red;-0.004914461;;;;;;
3;8/03/1982;red;-0.018291568;;;;;;
3;9/03/1982;red;0.013881177;;;;;;
3;10/03/1982;red;0.00532943;;;;;;
3;11/03/1982;red;-0.000457025;;;;;;
3;12/03/1982;red;-0.006858083;;;;;;
3;15/03/1982;red;0.00773406;;;;;;
3;16/03/1982;red;-0.001553203;;;;;;
3;17/03/1982;red;-0.001830134;;;;;;
3;18/03/1982;red;0.011184464;;;;;;
3;19/03/1982;red;0.002810494;;;;;;
3;22/03/1982;red;0.019528035;;;;;;
3;23/03/1982;red;0.006916791;;;;;;
3;24/03/1982;red;-0.005107899;;;;;;
3;25/03/1982;red;0.002124439;;;;;;
3;26/03/1982;red;-0.011218061;;;;;;
3;29/03/1982;red;0.003216015;;;;;;
3;30/03/1982;red;-0.000267199;;;;;;
3;31/03/1982;red;-0.002761178;;;;;;
3;1/04/1982;red;0.016345139;;;;;;
3;2/04/1982;red;0.011688213;;;;;;
3;5/04/1982;red;-0.003387763;;;;;;
3;6/04/1982;red;0.005491129;;;;;;
3;7/04/1982;red;0.000866839;;;;;;
3;8/04/1982;red;0.006582384;;;;;;
3;12/04/1982;red;-0.001892972;;;;;;
3;13/04/1982;red;-8.62E-05;;;;;;
3;14/04/1982;red;-0.001379396;;;;;;
3;15/04/1982;red;0.004489309;;;;;;
3;16/04/1982;red;0.003953581;;;;;;
3;19/04/1982;red;-0.000941706;;;;;;
3;20/04/1982;red;-0.010796868;;;;;;
3;21/04/1982;red;0.002425492;;;;;;
3;22/04/1982;red;0.012703087;;;;;;
3;23/04/1982;red;0.012373044;;;;;;
3;26/04/1982;red;0.005225916;;;;;;
3;27/04/1982;red;-0.010565169;;;;;;
3;28/04/1982;red;-0.006271169;;;;;;
3;29/04/1982;red;-0.009551447;;;;;;
3;30/04/1982;red;0.002583115;;;;;;
3;3/05/1982;red;0.00326346;;;;;;
3;4/05/1982;red;0.005478509;;;;;;
3;5/05/1982;red;0.001787835;;;;;;
3;6/05/1982;red;0.008583344;;;;;;
3;7/05/1982;red;0.006656563;;;;;;
3;10/05/1982;red;-0.009123662;;;;;;
3;11/05/1982;red;0.008785276;;;;;;
3;12/05/1982;red;-0.002093452;;;;;;
3;13/05/1982;red;-0.00797178;;;;;;
3;14/05/1982;red;-0.001776342;;;;;;
3;17/05/1982;red;-0.011016041;;;;;;
3;18/05/1982;red;-0.007454398;;;;;;
3;19/05/1982;red;-0.00820094;;;;;;
3;20/05/1982;red;-0.00261122;;;;;;
3;21/05/1982;red;0.002618057;;;;;;
3;24/05/1982;red;-0.000870385;;;;;;
3;25/05/1982;red;-0.003397503;;;;;;
3;26/05/1982;red;-0.011276231;;;;;;
3;27/05/1982;red;-0.003978401;;;;;;
3;28/05/1982;red;-0.006923543;;;;;;
3;1/06/1982;red;-0.001787603;;;;;;
3;2/06/1982;red;0.003223501;;;;;;
3;3/06/1982;red;-0.001606572;;;;;;
3;4/06/1982;red;-0.015823389;;;;;;
3;7/06/1982;red;0.000272562;;;;;;
3;8/06/1982;red;-0.00444974;;;;;;
3;9/06/1982;red;-0.005837813;;;;;;
3;10/06/1982;red;0.00568862;;;;;;
3;11/06/1982;red;0.014870881;;;;;;
3;14/06/1982;red;-0.011506642;;;;;;
3;15/06/1982;red;-0.002455408;;;;;;
3;16/06/1982;red;-0.00747561;;;;;;
3;17/06/1982;red;-0.011665327;;;;;;
3;18/06/1982;red;-0.002973975;;;;;;
3;21/06/1982;red;-0.00074573;;;;;;
3;22/06/1982;red;0.010261252;;;;;;
3;23/06/1982;red;0.016989808;;;;;;
3;24/06/1982;red;-0.002814578;;;;;;
3;25/06/1982;red;-0.006282458;;;;;;
3;28/06/1982;red;0.010262074;;;;;;
3;29/06/1982;red;-0.000453501;;;;;;
3;30/06/1982;red;-0.005444139;;;;;;
3;1/07/1982;red;-0.008210943;;;;;;
3;2/07/1982;red;-0.009750691;;;;;;
3;6/07/1982;red;-0.003344176;;;;;;
3;7/07/1982;red;-0.000652435;;;;;;
3;8/07/1982;red;0.002891229;;;;;;
3;9/07/1982;red;0.012089677;;;;;;
3;12/07/1982;red;0.006799576;;;;;;
3;13/07/1982;red;-0.001095216;;;;;;
3;14/07/1982;red;0.009045277;;;;;;
3;15/07/1982;red;0.00027163;;;;;;
3;16/07/1982;red;0.005431325;;;;;;
3;19/07/1982;red;-0.003061099;;;;;;
3;20/07/1982;red;0.007315068;;;;;;
3;21/07/1982;red;-0.001075871;;;;;;
3;22/07/1982;red;0.00053855;;;;;;
3;23/07/1982;red;-0.002780814;;;;;;
3;26/07/1982;red;-0.007286117;;;;;;
3;27/07/1982;red;-0.008426969;;;;;;
3;28/07/1982;red;-0.015443685;;;;;;
3;29/07/1982;red;-0.000185601;;;;;;
3;30/07/1982;red;-0.005848542;;;;;;
3;2/08/1982;red;0.017648774;;;;;;
3;3/08/1982;red;-0.010552409;;;;;;
3;4/08/1982;red;-0.01567284;;;;;;
3;5/08/1982;red;-0.009233048;;;;;;
3;6/08/1982;red;-0.013788556;;;;;;
3;9/08/1982;red;-0.006074605;;;;;;
3;10/08/1982;red;-0.002328342;;;;;;
3;11/08/1982;red;-0.002333701;;;;;;
3;12/08/1982;red;-0.001754389;;;;;;
3;13/08/1982;red;0.01396212;;;;;;
3;16/08/1982;red;0.002311004;;;;;;
3;17/08/1982;red;0.047555046;;;;;;
3;18/08/1982;red;-0.004585473;;;;;;
3;19/08/1982;red;0.005712206;;;;;;
3;20/08/1982;red;0.035360872;;;;;;
3;23/08/1982;red;0.02734033;;;;;;
3;24/08/1982;red;-0.006545535;;;;;;
3;25/08/1982;red;0.019332495;;;;;;
3;26/08/1982;red;0.008249713;;;;;;
3;27/08/1982;red;-0.012146794;;;;;;
3;30/08/1982;red;0.004696466;;;;;;
3;31/08/1982;red;0.015723256;;;;;;
4;4/09/1990;red;0.004023703;;;;;;
4;5/09/1990;red;0.004023703;;;;;;
4;6/09/1990;red;-0.012115117;;;;;;
4;7/09/1990;red;0.00917432;;;;;;
4;10/09/1990;red;-0.005473064;;;;;;
4;11/09/1990;red;-0.001834395;;;;;;
4;12/09/1990;red;0.004672315;;;;;;
4;13/09/1990;red;-0.012060565;;;;;;
4;14/09/1990;red;-0.005711619;;;;;;
4;17/09/1990;red;0.002966898;;;;;;
4;18/09/1990;red;0.002612006;;;;;;
4;19/09/1990;red;-0.006277464;;;;;;
4;20/09/1990;red;-0.01617181;;;;;;
4;21/09/1990;red;-0.000513689;;;;;;
4;24/09/1990;red;-0.021617663;;;;;;
4;25/09/1990;red;0.012049028;;;;;;
4;26/09/1990;red;-0.010380887;;;;;;
4;27/09/1990;red;-0.013407187;;;;;;
4;28/09/1990;red;0.016878714;;;;;;
4;1/10/1990;red;0.02904759;;;;;;
4;2/10/1990;red;0.000857272;;;;;;
4;3/10/1990;red;-0.012087173;;;;;;
4;4/10/1990;red;0.004142609;;;;;;
4;5/10/1990;red;-0.003805694;;;;;;
4;8/10/1990;red;0.006356376;;;;;;
4;9/10/1990;red;-0.026732183;;;;;;
4;10/10/1990;red;-0.015437533;;;;;;
4;11/10/1990;red;-0.016412074;;;;;;
4;12/10/1990;red;0.015467432;;;;;;
4;15/10/1990;red;0.010665641;;;;;;
4;16/10/1990;red;-0.014213625;;;;;;
4;17/10/1990;red;-0.000535272;;;;;;
4;18/10/1990;red;0.023363168;;;;;;
4;19/10/1990;red;0.022044943;;;;;;
4;22/10/1990;red;0.007296463;;;;;;
4;23/10/1990;red;-0.007624934;;;;;;
4;24/10/1990;red;0.000768411;;;;;;
4;25/10/1990;red;-0.007773489;;;;;;
4;26/10/1990;red;-0.01760332;;;;;;
4;29/10/1990;red;-0.009287476;;;;;;
4;30/10/1990;red;0.007221388;;;;;;
4;31/10/1990;red;-0.000197322;;;;;;
4;1/11/1990;red;0.009934174;;;;;;
4;2/11/1990;red;0.01573193;;;;;;
4;5/11/1990;red;0.008786244;;;;;;
4;6/11/1990;red;-0.009440863;;;;;;
4;7/11/1990;red;-0.018002649;;;;;;
4;8/11/1990;red;0.005228507;;;;;;
4;9/11/1990;red;0.019927847;;;;;;
4;12/11/1990;red;0.018295471;;;;;;
4;13/11/1990;red;-0.005665449;;;;;;
4;14/11/1990;red;0.008593762;;;;;;
4;15/11/1990;red;-0.010549329;;;;;;
4;16/11/1990;red;0.000315457;;;;;;
4;19/11/1990;red;0.007000508;;;;;;
4;20/11/1990;red;-0.012619774;;;;;;
4;21/11/1990;red;0.002283471;;;;;;
4;23/11/1990;red;-0.002942736;;;;;;
4;26/11/1990;red;0.004474782;;;;;;
4;27/11/1990;red;0.005023526;;;;;;
4;28/11/1990;red;-0.000471531;;;;;;
4;29/11/1990;red;-0.004812073;;;;;;
4;30/11/1990;red;0.018330028;;;;;;
4;3/12/1990;red;0.005834538;;;;;;
4;4/12/1990;red;0.006942302;;;;;;
4;5/12/1990;red;0.010939198;;;;;;
4;6/12/1990;red;-0.002576401;;;;;;
4;7/12/1990;red;-0.004011327;;;;;;
4;10/12/1990;red;0.003478305;;;;;;
4;11/12/1990;red;-0.007449336;;;;;;
4;12/12/1990;red;0.011487563;;;;;;
4;13/12/1990;red;-0.002574294;;;;;;
4;14/12/1990;red;-0.007651634;;;;;;
4;17/12/1990;red;-0.002447887;;;;;;
4;18/12/1990;red;0.012361202;;;;;;
4;19/12/1990;red;0.000454551;;;;;;
4;20/12/1990;red;-0.000242329;;;;;;
4;21/12/1990;red;0.004937613;;;;;;
4;24/12/1990;red;-0.005576507;;;;;;
4;26/12/1990;red;0.002879698;;;;;;
4;27/12/1990;red;-0.007737638;;;;;;
4;28/12/1990;red;0.001309795;;;;;;
4;31/12/1990;red;0.004563154;;;;;;
4;2/01/1991;red;-0.011416598;;;;;;
4;3/01/1991;red;-0.013907209;;;;;;
4;4/01/1991;red;-0.002826889;;;;;;
4;7/01/1991;red;-0.017320865;;;;;;
4;8/01/1991;red;-0.001711921;;;;;;
4;9/01/1991;red;-0.010828847;;;;;;
4;10/01/1991;red;0.009759571;;;;;;
4;11/01/1991;red;0.002225582;;;;;;
4;14/01/1991;red;-0.008692132;;;;;;
4;15/01/1991;red;0.003968194;;;;;;
4;16/01/1991;red;0.007777396;;;;;;
4;17/01/1991;red;0.037321654;;;;;;
4;18/01/1991;red;0.012989023;;;;;;
4;21/01/1991;red;-0.003521697;;;;;;
4;22/01/1991;red;-0.008306651;;;;;;
4;23/01/1991;red;0.005787195;;;;;;
4;24/01/1991;red;0.0138397;;;;;;
4;25/01/1991;red;0.003853302;;;;;;
4;28/01/1991;red;-0.000119048;;;;;;
4;29/01/1991;red;-0.000565433;;;;;;
4;30/01/1991;red;0.015096497;;;;;;
4;31/01/1991;red;0.008858611;;;;;;
4;1/02/1991;red;-0.002558674;;;;;;
4;4/02/1991;red;0.015420518;;;;;;
4;5/02/1991;red;0.008382654;;;;;;
4;6/02/1991;red;0.019387341;;;;;;
4;7/02/1991;red;-0.004328814;;;;;;
4;8/02/1991;red;0.007937892;;;;;;
4;11/02/1991;red;0.02568521;;;;;;
4;12/02/1991;red;-0.008356359;;;;;;
4;13/02/1991;red;0.009630613;;;;;;
4;14/02/1991;red;-0.013007392;;;;;;
4;15/02/1991;red;0.013288662;;;;;;
4;19/02/1991;red;0.00089421;;;;;;
4;20/02/1991;red;-0.011505454;;;;;;
4;21/02/1991;red;-0.000465612;;;;;;
4;22/02/1991;red;0.001863147;;;;;;
4;25/02/1991;red;0.004403161;;;;;;
4;26/02/1991;red;-0.012116789;;;;;;
4;27/02/1991;red;0.013588359;;;;;;
4;28/02/1991;red;-0.001821893;;;;;;
4;1/03/1991;red;0.009262522;;;;;;
4;4/03/1991;red;-0.003077212;;;;;;
4;5/03/1991;red;0.020009246;;;;;;
4;6/03/1991;red;-0.001459938;;;;;;
4;7/03/1991;red;-0.000691203;;;;;;
4;8/03/1991;red;-0.00255378;;;;;;
4;11/03/1991;red;-0.005307429;;;;;;
4;12/03/1991;red;-0.007856051;;;;;;
4;13/03/1991;red;0.012269298;;;;;;
4;14/03/1991;red;-0.002856628;;;;;;
4;15/03/1991;red;0.000240954;;;;;;
4;18/03/1991;red;-0.003961591;;;;;;
4;19/03/1991;red;-0.014834294;;;;;;
4;20/03/1991;red;0.003628078;;;;;;
4;21/03/1991;red;-0.003642169;;;;;;
4;22/03/1991;red;0.002455192;;;;;;
4;25/03/1991;red;0.006394839;;;;;;
4;26/03/1991;red;0.017494528;;;;;;
4;27/03/1991;red;-0.002524533;;;;;;
4;28/03/1991;red;-0.000346356;;;;;;
5;1/12/2000;red;0.007405542;;;;;;
5;4/12/2000;red;0.007405542;;;;;;
5;5/12/2000;red;0.038921688;;;;;;
5;6/12/2000;red;-0.01821965;;;;;;
5;7/12/2000;red;-0.005852864;;;;;;
5;8/12/2000;red;0.019604752;;;;;;
5;11/12/2000;red;0.007526105;;;;;;
5;12/12/2000;red;-0.00653521;;;;;;
5;13/12/2000;red;-0.008160901;;;;;;
5;14/12/2000;red;-0.014014762;;;;;;
5;15/12/2000;red;-0.021462738;;;;;;
5;18/12/2000;red;0.008070698;;;;;;
5;19/12/2000;red;-0.012957962;;;;;;
5;20/12/2000;red;-0.031295946;;;;;;
5;21/12/2000;red;0.008001641;;;;;;
5;22/12/2000;red;0.024386965;;;;;;
5;26/12/2000;red;0.007075302;;;;;;
5;27/12/2000;red;0.010439635;;;;;;
5;28/12/2000;red;0.003988146;;;;;;
5;29/12/2000;red;-0.010448009;;;;;;
5;2/01/2001;red;-0.028031939;;;;;;
5;3/01/2001;red;0.050098606;;;;;;
5;4/01/2001;red;-0.010552474;;;;;;
5;5/01/2001;red;-0.026242362;;;;;;
5;8/01/2001;red;-0.001917812;;;;;;
5;9/01/2001;red;0.00381219;;;;;;
5;10/01/2001;red;0.009586386;;;;;;
5;11/01/2001;red;0.0103177;;;;;;
5;12/01/2001;red;-0.006232871;;;;;;
5;16/01/2001;red;0.006143093;;;;;;
5;17/01/2001;red;0.002125615;;;;;;
5;18/01/2001;red;0.01391532;;;;;;
5;19/01/2001;red;-0.004028229;;;;;;
5;22/01/2001;red;0.000268137;;;;;;
5;23/01/2001;red;0.013031499;;;;;;
5;24/01/2001;red;0.002866822;;;;;;
5;25/01/2001;red;-0.00497694;;;;;;
5;26/01/2001;red;-0.001885849;;;;;;
5;29/01/2001;red;0.006804748;;;;;;
5;30/01/2001;red;0.007007877;;;;;;
5;31/01/2001;red;-0.005619714;;;;;;
5;1/02/2001;red;0.005461132;;;;;;
5;2/02/2001;red;-0.01747399;;;;;;
5;5/02/2001;red;0.003586659;;;;;;
5;6/02/2001;red;-0.001513722;;;;;;
5;7/02/2001;red;-0.008408143;;;;;;
5;8/02/2001;red;-0.006234655;;;;;;
5;9/02/2001;red;-0.013335549;;;;;;
5;12/02/2001;red;0.011827291;;;;;;
5;13/02/2001;red;-0.008652126;;;;;;
5;14/02/2001;red;-0.002183807;;;;;;
5;15/02/2001;red;0.008123549;;;;;;
5;16/02/2001;red;-0.018905297;;;;;;
5;20/02/2001;red;-0.017356563;;;;;;
5;21/02/2001;red;-0.018507453;;;;;;
5;22/02/2001;red;-0.00195183;;;;;;
5;23/02/2001;red;-0.005555436;;;;;;
5;26/02/2001;red;0.017489958;;;;;;
5;27/02/2001;red;-0.007659908;;;;;;
5;28/02/2001;red;-0.014309109;;;;;;
5;1/03/2001;red;0.001040404;;;;;;
5;2/03/2001;red;-0.00567979;;;;;;
5;5/03/2001;red;0.005858124;;;;;;
5;6/03/2001;red;0.009980598;;;;;;
5;7/03/2001;red;0.006452357;;;;;;
5;8/03/2001;red;0.002258497;;;;;;
5;9/03/2001;red;-0.024763941;;;;;;
5;12/03/2001;red;-0.043180756;;;;;;
5;13/03/2001;red;0.014828497;;;;;;
5;14/03/2001;red;-0.025842119;;;;;;
5;15/03/2001;red;0.005871295;;;;;;
5;16/03/2001;red;-0.019624074;;;;;;
5;19/03/2001;red;0.017626685;;;;;;
5;20/03/2001;red;-0.024077402;;;;;;
5;21/03/2001;red;-0.017923702;;;;;;
5;22/03/2001;red;-0.004063717;;;;;;
5;23/03/2001;red;0.01990909;;;;;;
5;26/03/2001;red;0.011282371;;;;;;
5;27/03/2001;red;0.02557505;;;;;;
5;28/03/2001;red;-0.024429654;;;;;;
5;29/03/2001;red;-0.004630308;;;;;;
5;30/03/2001;red;0.010784447;;;;;;
5;2/04/2001;red;-0.012461939;;;;;;
5;3/04/2001;red;-0.034393111;;;;;;
5;4/04/2001;red;-0.002901109;;;;;;
5;5/04/2001;red;0.043679983;;;;;;
5;6/04/2001;red;-0.019983576;;;;;;
5;9/04/2001;red;0.008117395;;;;;;
5;10/04/2001;red;0.027066025;;;;;;
5;11/04/2001;red;-0.002131147;;;;;;
5;12/04/2001;red;0.015104328;;;;;;
5;16/04/2001;red;-0.003227669;;;;;;
5;17/04/2001;red;0.010282453;;;;;;
5;18/04/2001;red;0.038890404;;;;;;
5;19/04/2001;red;0.01254273;;;;;;
5;20/04/2001;red;-0.008542751;;;;;;
5;23/04/2001;red;-0.014980125;;;;;;
5;24/04/2001;red;-0.012161467;;;;;;
5;25/04/2001;red;0.015940891;;;;;;
5;26/04/2001;red;0.004695845;;;;;;
5;27/04/2001;red;0.015009906;;;;;;
5;30/04/2001;red;-0.002865079;;;;;;
5;1/05/2001;red;0.013589855;;;;;;
5;2/05/2001;red;0.000781808;;;;;;
5;3/05/2001;red;-0.014872693;;;;;;
5;4/05/2001;red;0.014440428;;;;;;
5;7/05/2001;red;-0.002447458;;;;;;
5;8/05/2001;red;-0.001828287;;;;;;
5;9/05/2001;red;-0.00448772;;;;;;
5;10/05/2001;red;-0.000286717;;;;;;
5;11/05/2001;red;-0.00757661;;;;;;
5;14/05/2001;red;0.002609038;;;;;;
5;15/05/2001;red;0.000416277;;;;;;
5;16/05/2001;red;0.028452787;;;;;;
5;17/05/2001;red;0.002723757;;;;;;
5;18/05/2001;red;0.002693052;;;;;;
5;21/05/2001;red;0.016153748;;;;;;
5;22/05/2001;red;-0.002627873;;;;;;
5;23/05/2001;red;-0.015526399;;;;;;
5;24/05/2001;red;0.003196148;;;;;;
5;25/05/2001;red;-0.011815947;;;;;;
5;29/05/2001;red;-0.007794067;;;;;;
5;30/05/2001;red;-0.015655515;;;;;;
5;31/05/2001;red;0.006201518;;;;;;
5;1/06/2001;red;0.003862097;;;;;;
5;4/06/2001;red;0.005108348;;;;;;
5;5/06/2001;red;0.01299016;;;;;;
5;6/06/2001;red;-0.01054864;;;;;;
5;7/06/2001;red;0.00545651;;;;;;
5;8/06/2001;red;-0.009397319;;;;;;
5;11/06/2001;red;-0.008355953;;;;;;
5;12/06/2001;red;0.001163881;;;;;;
5;13/06/2001;red;-0.011346897;;;;;;
5;14/06/2001;red;-0.017501596;;;;;;
5;15/06/2001;red;-0.004516883;;;;;;
5;18/06/2001;red;-0.004883174;;;;;;
5;19/06/2001;red;0.003434127;;;;;;
5;20/06/2001;red;0.008708753;;;;;;
5;21/06/2001;red;0.011364213;;;;;;
5;22/06/2001;red;-0.009450028;;;;;;
5;25/06/2001;red;-0.00550863;;;;;;
5;26/06/2001;red;-0.001509902;;;;;;
5;27/06/2001;red;-0.004676406;;;;;;
5;28/06/2001;red;0.012493089;;;;;;
5;29/06/2001;red;-0.001484216;;;;;;
5;2/07/2001;red;0.010078543;;;;;;
5;3/07/2001;red;-0.001835517;;;;;;
5;5/07/2001;red;-0.012321246;;;;;;
5;6/07/2001;red;-0.023498265;;;;;;
5;9/07/2001;red;0.006878995;;;;;;
5;10/07/2001;red;-0.014397978;;;;;;
5;11/07/2001;red;-0.001134104;;;;;;
5;12/07/2001;red;0.023691267;;;;;;
5;13/07/2001;red;0.006241031;;;;;;
5;16/07/2001;red;-0.010882882;;;;;;
5;17/07/2001;red;0.009971301;;;;;;
5;18/07/2001;red;-0.005541633;;;;;;
5;19/07/2001;red;0.006052827;;;;;;
5;20/07/2001;red;-0.003432078;;;;;;
5;23/07/2001;red;-0.016368623;;;;;;
5;24/07/2001;red;-0.016271634;;;;;;
5;25/07/2001;red;0.016079858;;;;;;
5;26/07/2001;red;0.010449533;;;;;;
5;27/07/2001;red;0.002402377;;;;;;
5;30/07/2001;red;-0.001078043;;;;;;
5;31/07/2001;red;0.00557065;;;;;;
5;1/08/2001;red;0.003880414;;;;;;
5;2/08/2001;red;0.003963999;;;;;;
5;3/08/2001;red;-0.005242698;;;;;;
5;6/08/2001;red;-0.011421745;;;;;;
5;7/08/2001;red;0.003265397;;;;;;
5;8/08/2001;red;-0.017328126;;;;;;
5;9/08/2001;red;-8.45E-05;;;;;;
5;10/08/2001;red;0.005686842;;;;;;
5;13/08/2001;red;0.000949456;;;;;;
5;14/08/2001;red;-0.003827833;;;;;;
5;15/08/2001;red;-0.007339462;;;;;;
5;16/08/2001;red;0.003089942;;;;;;
5;17/08/2001;red;-0.016663052;;;;;;
5;20/08/2001;red;0.008124188;;;;;;
5;21/08/2001;red;-0.01207948;;;;;;
5;22/08/2001;red;0.006956128;;;;;;
5;23/08/2001;red;-0.002763293;;;;;;
5;24/08/2001;red;0.01965432;;;;;;
5;27/08/2001;red;-0.004827368;;;;;;
5;28/08/2001;red;-0.015010008;;;;;;
5;29/08/2001;red;-0.011149238;;;;;;
5;30/08/2001;red;-0.017003926;;;;;;
5;31/08/2001;red;0.004029943;;;;;;
5;4/09/2001;red;-0.000564596;;;;;;
5;5/09/2001;red;-0.001059148;;;;;;
5;6/09/2001;red;-0.022390272;;;;;;
5;7/09/2001;red;-0.018637016;;;;;;
5;10/09/2001;red;0.006225948;;;;;;
5;17/09/2001;red;-0.049215605;;;;;;
5;18/09/2001;red;-0.005804971;;;;;;
5;19/09/2001;red;-0.016112491;;;;;;
5;20/09/2001;red;-0.031059934;;;;;;
5;21/09/2001;red;-0.01903426;;;;;;
5;24/09/2001;red;0.038983252;;;;;;
5;25/09/2001;red;0.008789683;;;;;;
5;26/09/2001;red;-0.005166647;;;;;;
5;27/09/2001;red;0.011489124;;;;;;
5;28/09/2001;red;0.021921988;;;;;;
5;1/10/2001;red;-0.002295898;;;;;;
5;2/10/2001;red;0.012305528;;;;;;
5;3/10/2001;red;0.01992721;;;;;;
5;4/10/2001;red;-0.002471392;;;;;;
5;5/10/2001;red;0.00163608;;;;;;
5;8/10/2001;red;-0.008344438;;;;;;
5;9/10/2001;red;-0.005355541;;;;;;
5;10/10/2001;red;0.022938245;;;;;;
5;11/10/2001;red;0.015208341;;;;;;
5;12/10/2001;red;-0.005266878;;;;;;
5;15/10/2001;red;-0.001529835;;;;;;
5;16/10/2001;red;0.006935961;;;;;;
5;17/10/2001;red;-0.018632644;;;;;;
5;18/10/2001;red;-0.007873048;;;;;;
5;19/10/2001;red;0.004557318;;;;;;
5;22/10/2001;red;0.015296088;;;;;;
5;23/10/2001;red;-0.004697674;;;;;;
5;24/10/2001;red;0.000387103;;;;;;
5;25/10/2001;red;0.013720988;;;;;;
5;26/10/2001;red;0.004108772;;;;;;
5;29/10/2001;red;-0.023818304;;;;;;
5;30/10/2001;red;-0.017165918;;;;;;
5;31/10/2001;red;-9.45E-06;;;;;;
5;1/11/2001;red;0.022948108;;;;;;
5;2/11/2001;red;0.002859492;;;;;;
5;5/11/2001;red;0.014385592;;;;;;
5;6/11/2001;red;0.01452615;;;;;;
5;7/11/2001;red;-0.002734869;;;;;;
5;8/11/2001;red;0.002455628;;;;;;
5;9/11/2001;red;0.001582438;;;;;;
5;12/11/2001;red;-0.00176746;;;;;;
5;13/11/2001;red;0.018563403;;;;;;
5;14/11/2001;red;0.00186113;;;;;;
5;15/11/2001;red;0.000902576;;;;;;
5;16/11/2001;red;-0.003142917;;;;;;
5;19/11/2001;red;0.010898902;;;;;;
5;20/11/2001;red;-0.007297643;;;;;;
5;21/11/2001;red;-0.004927104;;;;;;
5;23/11/2001;red;0.01170588;;;;;;
5;26/11/2001;red;0.00615477;;;;;;
5;27/11/2001;red;-0.006842843;;;;;;
5;28/11/2001;red;-0.018251396;;;;;;
5;29/11/2001;red;0.010349777;;;;;;
5;30/11/2001;red;-0.000657779;;;;;;
6;1/11/2007;red;0.000802208;0.001229818;0.002710201;0.00319573;0.024380874;0.021587406;
6;2/11/2007;red;0.000802208;0.001229818;0.002710201;0.00319573;0.024380874;0.021587406;
6;5/11/2007;red;-0.004954778;-0.000122653;-0.001175115;-0.000440523;-0.001002152;-0.00650195;
6;6/11/2007;red;0.012049219;-0.000613896;-0.001765305;-0.004834606;0.021065835;0.02617794;
6;7/11/2007;red;-0.029369799;0.002826434;0.003654686;0.001767026;0.009947164;-0.005101962;
6;8/11/2007;red;-0.000576012;0.00159427;0.00223061;-0.001763909;-0.000121528;-0.002563998;
6;9/11/2007;red;-0.01428702;0.000366387;0.005977113;0.008503004;-0.000608088;-0.000321422;
6;12/11/2007;red;-0.009988235;0.002325093;0.001747312;0.003612533;-0.0472134;-0.021857946;
6;13/11/2007;red;0.029092951;-0.003051499;-0.005117348;-0.003709436;0.010472537;-0.019060095;
6;14/11/2007;red;-0.007069371;0.00049054;0.000701912;0.001095557;0.014661223;0.022445496;
6;15/11/2007;red;-0.013212428;0.003304046;0.005605928;0.009407241;-0.029023441;-0.009829619;
6;16/11/2007;red;0.005230311;0;0;0.001408529;-0.002565708;0.003309066;
6;19/11/2007;red;-0.017460253;0.003292173;0.007200563;0.006492488;-0.006559513;0.007585744;
6;20/11/2007;red;0.004486197;-0.000363937;-0.002651646;-0.001074967;0.028871096;0.024877235;
6;21/11/2007;red;-0.015926882;0.003160585;0.007860869;0.0058119;-0.001384178;0.00127769;
6;23/11/2007;red;0.016890484;-0.001090412;-0.002981706;0.002996836;0.023815516;0.009250247;
6;26/11/2007;red;-0.02323869;0.002791076;0.013691899;0.019737222;0.000615422;-0.012326149;
6;27/11/2007;red;0.014930153;-0.003025867;-0.009306257;-0.009520562;-0.014760203;-0.007999901;
6;28/11/2007;red;0.028559854;-0.000850108;-0.003553177;-0.006760883;-0.006616714;-0.012258088;
6;29/11/2007;red;0.000476475;0.001822865;0.005633982;0.008614751;-0.016212152;0.002286094;
6;30/11/2007;red;0.007770218;0.000485461;0.001372482;-0.004850869;-0.012263657;-0.012381908;
6;3/12/2007;red;-0.005887337;0.00226205;0.003952732;0.007937041;0.012415922;0.007258302;
6;4/12/2007;red;-0.006540257;-0.000121087;0.000912579;-0.00010602;0.014307649;0.004585666;
6;5/12/2007;red;0.01519013;0.000363743;-0.0037628;-0.011927605;-0.009697787;-0.007499177;
6;6/12/2007;red;0.015036906;-0.002062465;-0.005264182;-0.008759648;0.009411236;0.018068362;
6;7/12/2007;red;-0.001777921;-0.001093744;-0.006442173;-0.011208774;-0.009701452;-0.003226847;
6;10/12/2007;red;0.007509954;-0.000729851;-0.002315668;-0.005994149;0.017811725;-0.000647498;
6;11/12/2007;red;-0.025271074;0.003653129;0.013695655;0.019627007;-0.014500046;0.008746295;
6;12/12/2007;red;0.006050108;-0.002548735;-0.008358829;-0.010323493;0.020928483;0.027296113;
6;13/12/2007;red;0.001224324;-0.001459938;-0.007389832;-0.010866228;-0.024723542;-0.010628333;
6;14/12/2007;red;-0.013746268;-0.002435983;-0.00290729;-0.004613743;0.000254734;-0.006951;
6;17/12/2007;red;-0.015020898;0.002931396;0.005949667;0.008939699;-0.00496688;-0.004890741;
6;18/12/2007;red;0.006279795;-0.000609219;0.001971615;0.006453861;0.014335118;-0.00425953;
6;19/12/2007;red;-0.00136083;0.002558635;0.00798589;0.013259532;-0.00012621;0.009542612;
6;20/12/2007;red;0.004900203;0.000729314;-0.001607429;-0.002145952;-0.007193333;-0.004237317;
6;21/12/2007;red;0.01666984;-0.001579083;-0.00724562;-0.014617897;0.0181772;0.011783976;
6;24/12/2007;red;0.008077005;-0.000850878;-0.00289678;-0.00469199;0.000499387;0.007440943;
6;26/12/2007;red;0.000808636;-0.000973198;-0.004762823;-0.008766614;0.017219831;0.011881841;
6;27/12/2007;red;-0.014282289;0.002187768;0.006713023;0.010901153;0.000490688;0.003491042;
6;28/12/2007;red;0.00150377;0.0012205;0.008031378;0.015593769;0.017655744;-0.003162576;
6;31/12/2007;red;-0.006851588;0.001584005;0.004618228;0.006055718;-0.006506035;0.001268981;
6;2/01/2008;red;-0.014437843;0.001824589;0.00712503;0.014401624;0.029105039;0.0275666;
6;3/01/2008;red;0;0.001579383;0.002054627;-0.001377276;0.008366711;0.00770884;
6;4/01/2008;red;-0.024551555;0.001454672;0.002619423;0.000213103;-0.005142018;-0.005813871;
6;7/01/2008;red;0.003223259;-0.000605323;0.001817287;0.004348241;-0.004228834;-0.018159494;
6;8/01/2008;red;-0.018352266;0.001453765;0.002154195;-0.001160716;0.023711245;0.009090846;
6;9/01/2008;red;0.013624084;-0.000484066;-0.001584526;0.001903187;-0.002650331;-0.009940857;
6;10/01/2008;red;0.007948132;0;-0.002719148;-0.013509586;0.01964179;-0.004706715;
6;11/01/2008;red;-0.013595387;0.002783586;0.006363328;0.007809507;0.003739398;0.009142496;
6;14/01/2008;red;0.010870637;0.000363029;0.000451633;0.003715421;0.01083765;0.012496118;
6;15/01/2008;red;-0.024925013;0.000844162;0.00654536;0.011211246;-0.017310733;-0.012341892;
6;16/01/2008;red;-0.005612079;0.000843234;-0.00190686;-0.007216969;-0.014660768;-0.009372072;
6;17/01/2008;red;-0.029092596;0.001686993;0.008088534;0.012958912;-0.00230677;-0.012929637;
6;18/01/2008;red;-0.006045422;0.000841644;-0.001448261;-0.006864676;0.010635817;0.003833892;
6;22/01/2008;red;-0.011085159;0.004205436;0.011159073;0.010682431;0.008579273;-0.003500978;
6;23/01/2008;red;0.021442179;-0.000478201;-0.004635147;-0.002280145;-0.00317567;-0.01884382;
6;24/01/2008;red;0.01006273;-0.003112959;-0.009091704;-0.020043903;0.024917538;0.024739556;
6;25/01/2008;red;-0.015871931;0.002641895;0.009287312;0.016850486;0.002442287;0.022236364;
6;28/01/2008;red;0.017548325;-0.000479196;-0.003658695;-0.003751811;0.016057552;0.004661374;
6;29/01/2008;red;0.006159774;-0.000599013;-0.00400543;-0.006800347;-0.006539493;0.008351247;
6;30/01/2008;red;-0.004763995;0.00071957;-0.00044689;-0.006529667;0.0099835;-0.008588954;
6;31/01/2008;red;0.016772253;0.000957984;0.005140591;0.007102361;-0.007169195;0.00495059;
6;1/02/2008;red;0.012237492;0.00109178;0.003246338;0.006011545;-0.022428917;-0.017549317;
6;4/02/2008;red;-0.01046287;0.000120724;-0.005559481;-0.010291059;-0.002797985;0.017549351;
6;5/02/2008;red;-0.031995432;0.002277269;0.007044167;0.007639443;-0.015937129;-0.008315363;
6;6/02/2008;red;-0.007623641;0.000358842;-0.001776234;-0.003053812;0.014484451;-0.004658417;
6;7/02/2008;red;0.007885773;-0.001315317;-0.011233838;-0.021545477;0.010118061;0.012168445;
6;8/02/2008;red;-0.00420372;0.001795714;0.008437191;0.011442065;0.012799127;0.029901499;
6;11/02/2008;red;0.005888999;0.000358542;0.002230402;0.004161001;0.003626394;0.00658472;
6;12/02/2008;red;0.007265896;0.000358092;-0.002114195;-0.005950809;-0.021898609;-0.020219883;
6;13/02/2008;red;0.013604063;0.000358713;-0.004238398;-0.01058416;0.001231396;0.008194107;
6;14/02/2008;red;-0.013421476;-0.00071642;-0.005488273;-0.014697464;0.003018746;0.02016847;
6;15/02/2008;red;0.000837748;-0.001075133;0.002139552;0.00767771;-0.006242309;-0.004721072;
6;19/02/2008;red;-0.000896274;-0.000717384;-0.007192441;-0.010122507;0.027257434;0.032612022;
6;20/02/2008;red;0.008340871;-0.001196498;-0.000905983;0.006926847;0.018126185;0.005167993;
6;21/02/2008;red;-0.012867363;0.002755243;0.010310321;0.010591974;0.000107273;-0.005427114;
6;22/02/2008;red;0.00788061;-0.001075711;-0.0028031;-0.00572626;0.001501334;0.01378516;
6;25/02/2008;red;0.013812672;-0.001554598;-0.006634908;-0.010215211;-0.006960076;0.00963168;
6;26/02/2008;red;0.006917911;0.001437454;0.002490165;0.000329227;0.010459362;0.021324388;
6;27/02/2008;red;-0.000919444;0.001196391;0.00237193;0.000878108;0.011418202;-0.00137369;
6;28/02/2008;red;-0.008941875;0.002389601;0.01171674;0.017765439;0.012766397;0.009628731;
6;29/02/2008;red;-0.027089705;0.003456091;0.010690377;0.015299415;0.001979398;-0.016348884;
6;3/03/2008;red;0.000533553;3.57E-05;-0.002542146;-0.002577195;0.011020977;0.014681596;
6;4/03/2008;red;-0.003447629;-0.000238592;-0.003767388;-0.009718074;-0.021184673;-0.003549082;
6;5/03/2008;red;0.005238327;-0.00059439;-0.004337965;-0.011970012;0.026686288;0.021917738;
6;6/03/2008;red;-0.022013936;0.002977334;0.008042969;0.005347978;-0.012484662;0.007506861;
6;7/03/2008;red;-0.008410362;-0.00047383;0.00343539;0.001302132;-0.004248743;-0.010111829;
6;10/03/2008;red;-0.015463479;0.001068375;0.00717865;0.014746522;-0.002289454;0.018817224;
6;11/03/2008;red;0.037129844;-0.004984778;-0.010855286;-0.00854823;0.001251644;0.015567334;
6;12/03/2008;red;-0.008995573;0.003220409;0.011528319;0.019290573;0.010626152;0.010911895;
6;13/03/2008;red;0.005126921;-0.000475562;-0.005260131;-0.007823159;0.013709867;0.00102802;
6;14/03/2008;red;-0.020783262;0.002974076;0.010356686;0.012361107;0.003762485;-0.001283757;
6;17/03/2008;red;-0.008958684;0.002253426;0.005015077;0.007684242;0.004660106;-0.040102791;
6;18/03/2008;red;0.042409537;-0.003550414;-0.006835355;-0.003865658;-0.026923447;0.022228056;
6;19/03/2008;red;-0.024287198;0.00106946;0.008630296;0.016569782;-0.035854913;-0.043227491;
6;20/03/2008;red;0.023944459;-0.00118649;0.002166206;0.002475212;-0.033641415;-0.04025213;
6;24/03/2008;red;0.01532143;-0.004156322;-0.01761559;-0.019346035;0.002113167;0.018259755;
6;25/03/2008;red;0.002303897;0.000715608;0.00351926;0.004197904;0.029189844;0.010086816;
6;26/03/2008;red;-0.00876576;0.002144011;0.000768524;-0.004180356;0.011538873;0.029958484;
6;27/03/2008;red;-0.011460481;0.001071306;-0.001314941;-0.007030216;-0.003624776;0.011042197;
6;28/03/2008;red;-0.007950186;0.000474954;0.003948873;0.009722828;-0.016905648;-0.023708047;
6;31/03/2008;red;0.005687246;0.000237629;0.001748316;0.003558426;-0.01599906;-0.02401086;
6;1/04/2008;red;0.035896352;-0.00361652;-0.008744512;-0.016275685;-0.0392656;-0.005591315;
6;2/04/2008;red;-0.001934071;-0.000836014;-0.003311345;0.002129425;0.027745752;0.029800484;
6;3/04/2008;red;0.001301639;-0.000717183;0;0.002230829;0.001680313;0.005460042;
6;4/04/2008;red;0.000795996;0.001794244;0.007642606;0.009115441;0.00928206;0.007059401;
6;7/04/2008;red;0.001561599;-0.001910859;-0.006595894;-0.005251326;0.010193886;0.01078465;
6;8/04/2008;red;-0.005100033;0.00059922;0.000110807;-0.003484488;-0.008994184;0.004000934;
6;9/04/2008;red;-0.008092073;0.001911452;0.005974299;0.010383996;0.021472081;0.016737574;
6;10/04/2008;red;0.004474052;-0.000357993;-0.003959441;-0.003355805;-0.00563446;-0.004442204;
6;11/04/2008;red;-0.020374181;0.001670912;0.00430679;0.006734388;-0.00512143;-0.003936982;
6;14/04/2008;red;-0.003383785;-0.000596191;-0.002528427;-0.005853298;-0.002081078;0.006851061;
6;15/04/2008;red;0.004599877;-0.001310214;-0.00451995;-0.012406633;0.006036692;0.012038711;
6;16/04/2008;red;0.022691266;-0.002148705;-0.006754177;-0.009794208;0.017564837;0.009568361;
6;17/04/2008;red;0.000622915;-0.001794781;-0.002340971;-0.001720268;-0.007612299;-0.004610686;
6;18/04/2008;red;0.018139002;-0.000598517;-0.001005329;-0.000861433;-0.020959322;0.000514569;
6;21/04/2008;red;-0.001553525;-0.000959462;0.000111428;0.0039877;-0.004083014;0.001286068;
6;22/04/2008;red;-0.008810234;0.000359221;0.000782816;0.003435736;0.000221569;0.00616485;
6;23/04/2008;red;0.002899918;0;-0.001006022;-0.003315948;-0.011631721;-0.009446018;
6;24/04/2008;red;0.006442277;-0.002758814;-0.007831189;-0.008482035;-0.022416498;-0.016752537;
6;25/04/2008;red;0.006494737;0.000120136;-0.001352179;-0.005845862;0.00057321;0.018348539;
6;28/04/2008;red;-0.001051602;0.001082915;0.001806363;0.003048774;0.004812717;0.002316669;
6;29/04/2008;red;-0.003888693;-0.00024009;0.001802403;0.003800369;-0.021439216;-0.024139763;
6;30/04/2008;red;-0.003846302;0.001922894;0.003150985;0.007139689;0.009789115;-0.00184196;
6;1/05/2008;red;0.017140713;-0.001778878;-0.000112298;6.41E-05;-0.030698253;-0.023200683;
6;2/05/2008;red;0.003235598;-0.001324536;-0.008100941;-0.012610783;0.007024693;0.025371183;
6;5/05/2008;red;-0.004533584;0.001085324;0.001473609;0;0.019981021;0.020794927;
6;6/05/2008;red;0.007651934;0.000601554;-0.003170412;-0.007204448;0.004172953;0.013151043;
6;7/05/2008;red;-0.01811379;0.001204527;0.003976913;0.004288942;-0.009350082;0.001781585;
6;8/05/2008;red;0.003669552;0.000841491;0.006450406;0.008976642;0.016546238;0.016260273;
6;9/05/2008;red;-0.006725448;0.000359572;0.001124806;0.003689264;0.002063277;0.015499904;
6;12/05/2008;red;0.011020779;-0.001920947;-0.001684615;-0.001513281;-0.004918787;-0.016986772;
6;13/05/2008;red;-0.000384671;-0.001683984;-0.008326028;-0.01093552;-0.018392902;0.005509779;
6;14/05/2008;red;0.004005584;-0.0007232;-0.000341054;0.000437694;-0.002225113;-0.016189349;
6;15/05/2008;red;0.010584464;0.000844559;0.005562022;0.009082304;0.021126797;0.011392432;
6;16/05/2008;red;0.001250399;0.000241252;-0.001693843;-0.00412153;0.024137913;0.014518046;
6;19/05/2008;red;0.000898045;0.001083658;0.002261704;0.001307554;0.00325478;0.001480592;
6;20/05/2008;red;-0.009273589;0.001443777;0.003045867;0.005219822;0.016892294;0.013796397;
6;21/05/2008;red;-0.016053532;-0.001081673;-0.002362125;0.000215624;0.011661139;0.029161607;
6;22/05/2008;red;0.002617379;-0.002765876;-0.00653842;-0.011788883;-0.010656761;-0.014403828;
6;23/05/2008;red;-0.013210401;0.001929214;0.004426213;0.004377901;0.002747857;0.00191664;
6;27/05/2008;red;0.006846222;-0.001083649;-0.004858363;-0.00675595;-0.020497673;-0.016021008;
6;28/05/2008;red;0.00396289;-0.001807684;-0.007491807;-0.008885993;-0.002461965;0.006318293;
6;29/05/2008;red;0.005334937;-0.000362299;-0.00468964;-0.0071955;-0.02950412;-0.027288135;
6;30/05/2008;red;0.001516167;0.001449399;0.003332819;0.006578296;0.010865736;0.006703174;
6;2/06/2008;red;-0.010504264;0.001971377;0.00594174;0.003858234;0.005831929;0.013316786;
6;3/06/2008;red;-0.005787828;0.001448095;0.005255839;0.007197866;-0.012278329;-0.023606733;
6;4/06/2008;red;-0.000326696;-0.000360778;-0.003636478;-0.008906829;-0.00264728;-0.014955038;
6;5/06/2008;red;0.019496151;-0.001326149;-0.005248619;-0.005989833;-0.002308189;0.037955419;
6;6/06/2008;red;-0.030889209;0.00132791;0.008715755;0.01294689;0.03019087;0.025597298;
6;9/06/2008;red;0.000793688;-0.005063313;-0.007161758;0;-0.012014369;0.010221177;
6;10/06/2008;red;-0.002438072;-0.002303266;-0.005954113;-0.006501263;-0.027730366;-0.004000074;
6;11/06/2008;red;-0.016894344;0.001700636;0.001036372;-0.002328978;0.017182858;0.036853167;
6;12/06/2008;red;0.003279699;-0.004849941;-0.008745482;-0.010004651;-0.016318067;-0.000227708;
6;13/06/2008;red;0.015046261;0.00109669;-0.002322214;-0.002132985;0.002686955;-0.006381173;
6;16/06/2008;red;8.09E-05;0.000608341;0.000116165;0.000225755;0.01374811;-0.000917254;
6;17/06/2008;red;-0.006771333;0.001946219;0.003374512;0.002023545;0.002758279;0.010100986;
6;18/06/2008;red;-0.009711824;0.000971058;0.005449548;0.008421363;0.011805144;0.013636274;
6;19/06/2008;red;0.003752324;-0.001940447;-0.005765649;-0.005901019;0.001585856;-0.023318276;
6;20/06/2008;red;-0.018542856;0.001822463;0.004638801;0.005823732;0.005994105;0.006887007;
6;23/06/2008;red;5.31E-05;-0.001091661;-0.000460827;0.002115485;-0.020910632;0.007067855;
6;24/06/2008;red;-0.002814841;0.001821567;0.005313393;0.006666719;0.004363359;0.000226535;
6;25/06/2008;red;0.005843407;0.000726635;-0.000115362;0.000441273;-0.000571659;-0.003847966;
6;26/06/2008;red;-0.029365226;0.002907869;0.005631216;0.006729855;0.036490534;0.033174412;
6;27/06/2008;red;-0.003717429;0.000482954;0.004913666;0.011725822;0.009491233;0.002638945;
6;30/06/2008;red;0.001267225;0.000603776;0.000682897;0.000216831;-0.000765275;-0.017767043;
6;1/07/2008;red;0.003835964;-0.000255026;-0.002714248;-0.002368705;0.013785581;0.01764179;
6;2/07/2008;red;-0.01820362;0.00012187;0.00240136;0.005229098;0.005503934;0.019091506;
6;3/07/2008;red;0.001093922;0.001693332;0.000341794;-0.0021677;-0.011913713;-0.000430752;
6;7/07/2008;red;-0.008385434;0.000604396;0.004675372;0.004561213;-0.009015796;-0.013571615;
6;8/07/2008;red;0.017080348;0.000120507;0.002495567;0.006487333;-0.004055713;-0.03625244;
6;9/07/2008;red;-0.022776173;0.001689673;0.004753675;0.004404738;0.007043797;-0.000679859;
6;10/07/2008;red;0.006989752;-0.001204812;0.00033891;-0.000106392;0.022185779;0.027210888;
6;11/07/2008;red;-0.011089944;-0.002050908;-0.009348084;-0.014226918;0.017427616;0.013907335;
6;14/07/2008;red;-0.009027859;0.002296165;0.00534373;0.008789702;0.007881462;0.000435448;
6;15/07/2008;red;-0.010901257;0.001447854;0.003618874;-0.00032341;0.002710817;-0.03177362;
6;16/07/2008;red;0.025063544;-0.000964089;-0.009127603;-0.018076001;-0.017988934;-0.015284346;
6;17/07/2008;red;0.01201256;-0.001445982;-0.004775649;-0.005150896;-0.002329534;-0.023510726;
6;18/07/2008;red;0.000285727;-0.001810282;-0.003427479;-0.00374453;-0.000530705;-0.017064025;
6;21/07/2008;red;-0.000539434;0.000483282;0.00229257;0.003870755;0.010088187;0.012128548;
6;22/07/2008;red;0.013492063;-0.00084595;-0.003432577;-0.004956701;-0.021656908;-0.021851602;
6;23/07/2008;red;0.004064167;-0.000484421;-0.001605923;-0.001992135;-0.026756909;-0.022579927;
6;24/07/2008;red;-0.023124423;0.002784522;0.00862296;0.009758421;0.008391323;0.000737434;
6;25/07/2008;red;0.004167508;-0.001328889;-0.005813282;-0.009994283;0.003941756;-0.01252469;
6;28/07/2008;red;-0.018596564;0.002055411;0.005733134;0.010095177;0.000436263;0.004973921;
6;29/07/2008;red;0.023356008;-0.00084422;-0.00285093;-0.004063143;-0.012427853;-0.011383299;
6;30/07/2008;red;0.016671992;0.000241577;0.001943404;0.000993247;-0.011811455;0.019774702;
6;31/07/2008;red;-0.01314376;0.002051471;0.007987364;0.009915075;0.006255644;-0.008345565;
6;1/08/2008;red;-0.005578395;0.000194014;0.000500129;0.002211083;-0.005661658;-0.011138639;
6;4/08/2008;red;-0.008966086;-0.000121608;-0.0006814;-0.002293656;-0.01596517;-0.033041225;
6;5/08/2008;red;0.028718741;-0.000483187;-0.005113053;-0.007445782;-0.023371881;-0.006989485;
6;6/08/2008;red;0.003354349;0.000119975;0.00034327;-0.004081335;0.006505548;-0.010688237;
6;7/08/2008;red;-0.017933738;0.002176251;0.009360803;0.01628196;-0.006348142;0.005533687;
6;8/08/2008;red;0.023892835;-0.000843968;-0.000452404;0.002724848;-0.019282101;-0.028039863;
6;11/08/2008;red;0.00694273;-0.001328679;-0.004865051;-0.00956486;-0.039085669;-0.001078465;
6;12/08/2008;red;-0.01205067;0.001813809;0.006935007;0.009328142;-0.007518805;-0.008637035;
6;13/08/2008;red;-0.002915663;-0.000120489;-0.002145725;-0.003478862;0.012916058;0.033487568;
6;14/08/2008;red;0.005521802;0.000361403;0.003055428;0.006436583;-0.027096606;-0.008693263;
6;15/08/2008;red;0.004075934;0.000724355;0.003722985;0.008672942;-0.021676134;-0.013553055;
6;18/08/2008;red;-0.015097809;0.000843353;0.002473129;0.003976797;0.015071568;0.00565742;
6;19/08/2008;red;-0.009314903;0.000722902;-0.001457303;-0.00385356;0.020685244;0.015536992;
6;20/08/2008;red;0.006197332;0.001322877;0.002919206;0.00279414;-0.004600308;0.007913428;
6;21/08/2008;red;0.002494964;-0.000840603;-0.002127582;-0.001822262;0.027979085;0.042920786;
6;22/08/2008;red;0.011332671;-0.001804657;-0.00291726;-0.000643001;-0.01482383;-0.033877018;
6;25/08/2008;red;-0.019625434;0.001687257;0.006638799;0.009990802;-0.001850043;-0.005714324;
6;26/08/2008;red;0.003686372;-0.000360529;0.000335559;0.000850828;0.003706945;0.000522469;
6;27/08/2008;red;0.007982654;0.00060124;0.001453564;0.001700803;0.00160036;0.009399437;
6;28/08/2008;red;0.014840144;-0.000481722;-0.001451454;0.000105934;0.010078659;-0.019658489;
6;29/08/2008;red;-0.013723666;0.000481954;-0.001228864;-0.004455414;-0.005719168;-0.003694061;
6;2/09/2008;red;-0.004092514;0.001266588;0.005443582;0.009305285;-0.030718421;-0.025953357;
6;3/09/2008;red;-0.002035079;0.00036147;0.002457351;0.004237898;-0.003914111;-0.005709501;
6;4/09/2008;red;-0.029922057;0.000601914;0.00501096;0.008019673;-0.006337939;-0.014219401;
6;5/09/2008;red;0.004430765;-0.000361016;-0.00221531;-0.000523363;0.007526521;-0.009986088;
6;8/09/2008;red;0.020510162;-0.000481882;0.000110274;0.004188633;-0.001519407;-0.002241428;
6;9/09/2008;red;-0.034138168;0.00156597;0.004553632;0.009908425;-0.030053294;-0.036506618;
6;10/09/2008;red;0.006149422;0.000240363;-0.00254282;-0.006196621;-0.029677039;0.001457253;
6;11/09/2008;red;0.013806378;-0.000360457;-0.001773689;-0.00052002;-0.015359733;-0.008440045;
6;12/09/2008;red;0.002121534;0.000120196;-0.004995953;-0.01289201;0.033798593;0.006750794;
6;15/09/2008;red;-0.047135897;0.007094404;0.019191783;0.032441219;0.026604824;-0.039358517;
6;16/09/2008;red;0.017523288;-0.001790652;-0.002846115;-0.000203095;-0.009927755;-0.020333974;
6;17/09/2008;red;-0.047140707;0.004784479;0.009003263;0.004999645;0.112905301;0.030049585;
6;18/09/2008;red;0.043341774;-0.00321402;-0.011752365;-0.014620846;-0.031125627;0.001804644;
6;19/09/2008;red;0.040256563;-0.005613223;-0.017837289;-0.03173624;0.038405799;0.033022976;
6;22/09/2008;red;-0.0382366;0.000720433;-0.002129597;-0.000106813;0.037217921;0.034582915;
6;23/09/2008;red;-0.015632633;0.000719809;0;-0.003831705;-0.009643425;-0.009831472;
6;24/09/2008;red;-0.001977728;0.002159457;0.002583326;0.004381313;-0.018229174;-0.008226837;
6;25/09/2008;red;0.019656505;-0.001795354;-0.003025612;-0.002021837;-0.002998525;0.017448459;
6;26/09/2008;red;0.003382429;0;-0.000674539;0.007247384;0.00219783;-0.011807671;
6;29/09/2008;red;-0.088067763;0.005754896;0.013947623;0.029101481;0.033818102;-0.062019823;
6;30/09/2008;red;0.05417467;-0.003933675;-0.013201213;-0.02437015;-0.050240036;0.027903918;
6;1/10/2008;red;-0.004543988;0.003121444;0.007049755;0.012581027;0.010579541;-0.023310577;
6;2/10/2008;red;-0.040290793;0.002155026;0.005601441;0.00803898;-0.042340344;-0.055287021;
6;3/10/2008;red;-0.013506523;0.002746536;0.003786516;0.008803887;0.003157956;-0.023345025;
6;6/10/2008;red;-0.03851784;0.00202585;0.00810046;0.018172356;0.020462556;-0.042567215;
6;7/10/2008;red;-0.057394841;0.000237345;-0.000770817;-0.003025196;0.035476957;0.012311917;
6;8/10/2008;red;-0.011332703;-0.00427817;-0.012777806;-0.014362537;0.024636205;0.014527059;
6;9/10/2008;red;-0.076167096;0.000596554;-0.010042745;-0.008414528;0.005367964;-0.04662003;
6;10/10/2008;red;-0.011759289;0.001551267;-0.011721894;-0.007036269;-0.074304785;-0.044359015;
6;13/10/2008;red;0.11580037;-0.004407334;-0.00684299;-0.012820198;-0.014780141;0.055555491;
6;14/10/2008;red;-0.005322137;0.000239269;-0.004709045;-0.006440523;0.002561277;-0.018351786;
6;15/10/2008;red;-0.090349778;0.003348966;0.008191989;0.009564034;0.013503658;-0.045502742;
6;16/10/2008;red;0.042507451;-0.000596713;0.00022893;-0.005157357;-0.048253472;-0.018846915;
6;17/10/2008;red;-0.006212826;0.00071619;0.006292666;-0.006876326;-0.026232839;0.011299436;
6;20/10/2008;red;0.047684905;-0.000715677;0.001023333;0.00798935;0.016707692;0.020111719;
6;21/10/2008;red;-0.030799712;0.002027881;0.01056363;0.005284252;-0.031464984;-0.035779432;
6;22/10/2008;red;-0.06101247;0.001428751;0.007643701;0.02029079;-0.056819673;-0.047330648;
6;23/10/2008;red;0.012634041;-0.000594073;0.001338796;0.007418128;-0.014781726;0.003974669;
6;24/10/2008;red;-0.034511201;0.000832509;-0.004233627;-0.01063683;0.022080644;-0.039984196;
6;27/10/2008;red;-0.031764358;-0.00249597;-0.000559739;0.000723222;-0.000415438;-0.007422649;
6;28/10/2008;red;0.107890059;0.001191566;-0.008058606;-0.014565381;0.022305356;0.02741996;
6;29/10/2008;red;-0.011079077;0.000595648;0.001466818;-0.005032489;0.002845902;0.059037684;
6;30/10/2008;red;0.025803954;0.00083241;-0.007661728;-0.00906168;-0.017432445;-0.041237161;
6;31/10/2008;red;0.015365398;0.000474463;-0.002044107;-0.012970744;-0.018842013;0.011150852;
6;3/11/2008;red;-0.002529045;0.001872481;0.001598535;0.002703839;-0.003364142;-0.011027882;
6;4/11/2008;red;0.040825844;-0.000357249;0.011972136;0.018767435;0.061603446;0.045400227;
6;5/11/2008;red;-0.052677087;0.00178553;0.005294682;0.011857756;-0.035506097;-0.025904785;
6;6/11/2008;red;-0.050263981;0.000356532;-0.003026876;-0.007219759;-0.007967058;-0.043801237;
6;7/11/2008;red;0.028854638;-0.001781505;-0.003596349;-0.006534147;0.003877025;0.001226921;
6;10/11/2008;red;-0.012653163;0.00309425;0.001016361;0.004879827;0.014896577;0.00653591;
6;11/11/2008;red;-0.022040675;0.000711257;0.003717578;0.002956865;-0.020793677;-0.019074562;
6;12/11/2008;red;-0.051893903;0.001541101;0.006176127;0.006420858;-0.028452505;-0.029375373;
6;13/11/2008;red;0.069212708;-0.002485147;-0.007254389;-0.023951994;0.030714308;0.018755371;
6;14/11/2008;red;-0.041699131;-0.000237453;0.00989321;0.019824628;0.015939037;-0.00627611;
6;17/11/2008;red;-0.025810416;0.001778987;0.004229378;0.00441322;-0.008867687;-0.022736995;
6;18/11/2008;red;0.009838372;0.001066842;0.007759036;0.012866956;-0.001927039;-0.015079553;
6;19/11/2008;red;-0.061155576;0.001420493;0.010778904;0.025615509;-0.0034478;-0.011373655;
6;20/11/2008;red;-0.067122931;0.001891372;0.02013029;0.05166111;0.016468237;-0.050884948;
6;21/11/2008;red;0.063247603;-0.001651543;-0.009173612;-0.014459912;0.073519425;0.017249441;
6;24/11/2008;red;0.064722531;-0.002481774;-0.009365775;-0.015642719;0.026125621;0.068744279;
6;25/11/2008;red;0.006550777;0.00082904;0.017169495;0.02941443;-0.000494388;-0.033447654;
6;26/11/2008;red;0.035328121;0.00307813;0.006090365;0.001342607;-0.006059175;0.031943161;
6;28/11/2008;red;0.009643112;0.0005896;0.002017617;0.012352415;-0.00087086;-0.043422221;
6;1/12/2008;red;-0.089295244;0.00164447;0.013535917;0.038295642;-0.058025105;-0.031011178;
6;2/12/2008;red;0.039940671;-0.000117431;0.005245906;0.003839187;0.017184341;0.000463733;
6;3/12/2008;red;0.025836162;0.000826329;0.001565464;0.002823027;-0.010006454;-0.011590158;
6;4/12/2008;red;-0.029308427;0.000236237;0.006251647;0.019703558;-0.008926231;-0.052532724;
6;5/12/2008;red;0.036499418;-0.001180186;-0.010561709;-0.016206371;-0.012980177;-0.024752444;
6;8/12/2008;red;0.038387349;-0.001417732;-0.00376792;-0.002172204;0.022544289;0.046192797;
6;9/12/2008;red;-0.023117543;0.003076079;0.008508795;0.019774404;0.001706101;-0.021834112;
6;10/12/2008;red;0.011894187;-0.001296894;-0.000938065;-0.002401069;0.044805425;0.030257946;
6;11/12/2008;red;-0.028524047;0.002361911;0.006047706;0.001961635;0.011285286;0.031776625;
6;12/12/2008;red;0.007028415;0.000470305;0.002798334;0;0.001983832;0.021931834;
6;15/12/2008;red;-0.01268568;0.000706817;0.002170965;0.011390231;0.022150736;-0.028293031;
6;16/12/2008;red;0.051360265;0.000471391;0.015880886;0.024725644;0.022518168;0.01431985;
6;17/12/2008;red;-0.009592862;-0.002117341;0.006801015;0.027133323;0.011484741;-0.013647196;
6;18/12/2008;red;-0.021162683;0.000471656;0.006755991;0.020983569;-0.018260536;-0.015267208;
6;19/12/2008;red;0.002936896;-0.000943072;-0.003305565;0.001064283;-0.014784851;-0.006782877;
6;22/12/2008;red;-0.018302023;-0.001886794;-0.002612061;-0.007688416;0.0100448;-0.028292588;
6;23/12/2008;red;-0.009717462;0.000236797;-0.000504144;-0.001318562;-0.009944906;0.004016024;
6;24/12/2008;red;0.005781143;0.000236226;-0.001007778;-0.00214679;0.0100448;-0.01549994;
6;26/12/2008;red;0.005356175;0.00118075;0.005347632;0.003309319;0.025641019;0.015743971;
6;29/12/2008;red;-0.0038726;0.002202617;0.00220521;-0.001199899;0.008761682;0.010999986;
6;30/12/2008;red;0.024407113;0.000945798;0.001407885;0.009524183;-0.005211314;0.005934658;
6;31/12/2008;red;0.014158341;-0.000472759;-0.011040001;-0.020918493;0.007217638;0.041789636;
6;2/01/2009;red;0.031608068;-0.005315372;-0.014310757;-0.025136283;-0.003351749;0.034922148;
6;5/01/2009;red;-0.004668358;0.002019117;-0.001750868;-0.025784501;-0.02029456;0.010487899;
6;6/01/2009;red;0.007817133;0.000473525;-0.000619276;-0.01005707;0.007694056;0.026173284;
6;7/01/2009;red;-0.030009615;-0.000710053;0.000206865;0.003920711;-0.02795721;-0.051011432;
6;8/01/2009;red;0.003397073;0.000236921;0.002682869;-0.000798754;0.020664641;0.003707098;
6;9/01/2009;red;-0.02130303;0.000710081;0.004631098;0.001510538;-0.00639357;-0.011541987;
6;12/01/2009;red;-0.022564122;0.000237518;0.006248683;0.010378865;-0.037654863;-0.045305929;
6;13/01/2009;red;0.001758059;0.000118577;0.000713023;0.00105277;0.001485824;0.016634074;
6;14/01/2009;red;-0.033459874;0.001183987;0.005594684;0.016488743;-0.013476711;-0.013955773;
6;15/01/2009;red;0.001329182;-0.001064575;-0.000809321;0.001639173;0.00751972;-0.000976076;
6;16/01/2009;red;0.007561577;0.000473888;-0.009213823;-0.015418507;0.028859307;0.004396633;
6;20/01/2009;red;-0.052816102;0.000472843;-0.001532816;-0.000175729;0.021883661;-0.031128281;
6;21/01/2009;red;0.043491246;-0.001537115;-0.008903423;-0.031589065;-0.004377604;0.004016024;
6;22/01/2009;red;-0.015162323;0.000473758;-0.006608951;-0.019245798;0.005109926;-0.012999965;
6;23/01/2009;red;0.005377658;-0.000237537;0.000208663;-0.007831711;0.046701311;0.046605797;
6;26/01/2009;red;0.005553212;-0.001302141;-0.002494953;-0.00872785;0.004744134;0.001936184;
6;27/01/2009;red;0.010925583;0.001067478;0.00656407;0.023512059;-0.006408091;-0.027053242;
6;28/01/2009;red;0.033557607;-0.000355652;-0.006417115;-0.024986182;-0.010862176;0.023833219;
6;29/01/2009;red;-0.033120172;-0.001895397;-0.013022467;-0.022998087;0.023793204;-0.012124123;
6;30/01/2009;red;-0.022789135;0.000593404;-0.000422587;-0.003170518;0.020223436;-0.005891053;
6;2/02/2009;red;-0.000532768;0.000926869;0.008111894;0.01860576;-0.02705072;-0.019259257;
6;3/02/2009;red;0.015833988;-0.001068458;-0.008613579;-0.023817527;-0.004164736;-0.011581147;
6;4/02/2009;red;-0.00748951;-0.001663664;-0.005085989;-0.003498089;0.008025309;0.005603811;
6;5/02/2009;red;0.016365663;0.000237856;0.002343302;0.000877084;0.010540507;0.022289737;
6;6/02/2009;red;0.026896023;-0.000594911;-0.006056808;-0.00311815;-0.005881118;0.007433026;
6;9/02/2009;red;0.001485193;-0.000357221;-0.002030738;0.003226029;-0.014175652;-0.005410668;
6;10/02/2009;red;-0.0491212;0.002263002;0.013389262;0.021730312;0.02139945;-0.012858619;
6;11/02/2009;red;0.007954951;-0.000237592;0.00771548;0.012971661;0.023057331;-0.006012061;
6;12/02/2009;red;0.001739166;0.001189579;-0.000314246;-0.009415698;0.009535131;0.001512279;
6;13/02/2009;red;-0.009997696;-0.001899646;-0.007869466;-0.026614112;-0.00665445;-0.018117876;
6;17/02/2009;red;-0.045559047;0.002617332;0.016815347;0.031149428;0.031334347;-0.055868821;
6;18/02/2009;red;-0.000950366;-0.001662329;-0.007281036;-0.008522921;0.015296037;-0.00597171;
6;19/02/2009;red;-0.012024024;-0.000356439;-0.005552362;-0.017000639;-0.011763564;0.024576805;
6;20/02/2009;red;-0.011412965;0.000833051;0.00284464;0.0097168;0.021196685;-0.011194229;
6;23/02/2009;red;-0.034699008;-0.000118996;0.000945805;0.009238319;-0.000715743;-0.0097033;
6;24/02/2009;red;0.040103315;-0.000713446;-0.003778802;-0.001049797;-0.030696817;0.019052715;
6;25/02/2009;red;-0.010657824;-0.001902132;-0.009060016;-0.011548607;-0.016679001;0.011752227;
6;26/02/2009;red;-0.01577985;0.000476465;-0.002551593;-0.010525446;-0.000966226;0.021119315;
6;27/02/2009;red;-0.023564403;0.000595504;-0.000852992;-0.005757194;-0.004620678;-0.011892532;
6;2/03/2009;red;-0.046620167;0.002252749;0.010033142;0.016555145;-0.018352553;-0.050235584;
6;3/03/2009;red;-0.006406767;-0.000833001;-0.001270936;-0.006681468;-0.009787742;0.00661172;
6;4/03/2009;red;0.023753073;-0.001070513;-0.005089151;-0.004580563;-0.011661518;0.035030069;
6;5/03/2009;red;-0.04253231;0.001190917;0.011723479;0.027810052;0.033711654;-0.008461149;
6;6/03/2009;red;0.001216053;-0.000713968;-0.004740088;-0.006669265;0.003261257;0.02400007;
6;9/03/2009;red;-0.01002367;-0.000952671;0.000422926;-0.005850838;-0.018636919;-0.00572921;
6;10/03/2009;red;0.063663022;-0.000596155;-0.007299995;-0.019199877;-0.02683008;-0.002619146;
6;11/03/2009;red;0.002445817;0.000477023;0.007140909;0.010821374;0.012253254;-0.031512593;
6;12/03/2009;red;0.040728631;0.000358292;0.002857566;0.00476822;0.021071478;0.046637693;
6;13/03/2009;red;0.007739028;0.000833449;-0.000739467;-0.005036423;0.00219544;-0.008808404;
6;16/03/2009;red;-0.003515925;-0.001309394;-0.005702006;-0.015769508;-0.005476451;0.021955132;
6;17/03/2009;red;0.032139941;-0.000238168;-0.001912349;-0.005439251;-0.008370067;0.021483359;
6;18/03/2009;red;0.02085794;0.00381624;0.034262902;0.03788788;0.033873783;0.012518848;
6;19/03/2009;red;-0.012979163;-0.001188651;-0.003394673;0.001245594;0.013535312;0.020771399;
6;20/03/2009;red;-0.0197694;0.001190066;0;-0.005550255;-0.008055137;0.013565945;
6;23/03/2009;red;0.070757549;-0.000832415;-0.003407374;-0.00866091;-0.016134144;0.021032573;
6;24/03/2009;red;-0.020415093;-0.001307526;-0.001448813;0.009513329;-0.01227199;-0.016385784;
6;25/03/2009;red;0.009626371;-0.000238137;-0.006017405;-0.013462172;0.011324975;-0.015230874;
6;26/03/2009;red;0.023320367;0.001310373;0.002608702;0.011598009;-0.00054363;0.017399723;
6;27/03/2009;red;-0.020315519;0.000475867;-0.000624464;0.007418894;-0.013488501;-0.018527314;
6;30/03/2009;red;-0.034818704;0.000950664;0.00427027;0.003826037;-0.007828857;-0.036302044;
6;31/03/2009;red;0.013129615;0.001424847;0.001763324;0.007145462;0.003334023;0.004520395;
6;1/04/2009;red;0.01655661;-0.000224801;0.002449562;0.009125801;0.008307488;-0.002499974;
6;2/04/2009;red;0.028727114;-0.001664191;-0.00652472;-0.012220537;-0.024497372;0.038596391;
6;3/04/2009;red;0.009731771;-0.002261305;-0.011467764;-0.020462675;-0.013626201;0.015444048;
6;6/04/2009;red;-0.008332367;0.000716018;-0.002319401;-0.004274815;-0.02648704;-0.012357382;
6;7/04/2009;red;-0.023854542;0.000357341;0.002535965;0.002536688;0.017239372;-0.01780559;
6;8/04/2009;red;0.011783441;0;0.004955889;0.008857004;-0.0014987;0.007349264;
6;9/04/2009;red;0.038053257;-0.001190507;-0.005875064;-0.01254196;-0.003463838;0.014591483;
6;13/04/2009;red;0.002533369;0.001907617;0.005909785;0.009184156;0.018190241;0.004314528;
6;14/04/2009;red;-0.020064492;0.000834342;0.005140943;0.005228012;-0.005803306;-0.018138521;
6;15/04/2009;red;0.012549017;0.000475548;0.000939727;-0.001733852;0.001487893;-0.006319819;
6;16/04/2009;red;0.0155388;-0.001427403;-0.003962254;-0.007910814;-0.019314314;-0.004403086;
6;17/04/2009;red;0.004969361;-0.001071826;-0.008062285;-0.010988953;-0.006875613;-0.007371029;
6;20/04/2009;red;-0.042789745;0.00095395;0.006966607;0.015142512;0.020300349;-0.037623767;
6;21/04/2009;red;0.02125206;0.000118912;-0.003879473;-0.009879868;-0.000690024;0.003600786;
6;22/04/2009;red;-0.007681664;0;-0.00241928;-0.006066209;0.005639289;0.001537758;
6;23/04/2009;red;0.009922346;-0.000714516;-0.000211253;-9.73E-05;0.016250925;0.013305902;
6;24/04/2009;red;0.016797349;0;-0.003903693;-0.010040868;0.010360339;0.01515156;
6;27/04/2009;red;-0.010066577;0.00119178;0.004131117;0.00427622;-0.007913498;-0.024875564;
6;28/04/2009;red;-0.002740536;-0.000952269;-0.004852508;-0.016337499;-0.014155737;-0.007142984;
6;29/04/2009;red;0.02161004;0.000476537;-0.005405978;-0.008857072;0.006609707;0.023124427;
6;30/04/2009;red;-0.000950068;0.000833003;-0.001704944;-0.003961314;-0.012000511;0.003515786;
6;1/05/2009;red;0.005396389;-0.000750988;-0.003213214;-0.006882186;-0.003666778;0.030030119;
6;4/05/2009;red;0.03386814;-0.000237673;0.000967831;0.003295073;0.019436486;0.019436338;
6;5/05/2009;red;-0.003791723;-0.000238758;-0.000215032;-0.00123126;-0.004399813;-0.014299374;
6;6/05/2009;red;0.017404339;0.000597396;0.000429835;-0.002363745;0.014617574;0.026595759;
6;7/05/2009;red;-0.013202412;-0.001432648;-0.008370231;-0.024413189;-0.001116802;0.001884107;
6;8/05/2009;red;0.024068995;0.000717763;0.001190355;0.002428636;0.006037577;0.024917656;
6;11/05/2009;red;-0.021512425;0.001670872;0.009402921;0.014219453;-0.003222949;-0.008256797;
6;12/05/2009;red;-0.000978856;-0.000119376;-0.000642084;0.003635412;0.011260949;0.010175751;
6;13/05/2009;red;-0.026894912;0.000476843;0.004606298;0.010864482;0.004299883;-0.01144686;
6;14/05/2009;red;0.010351643;0.000357693;0.000107158;0.003890336;-0.000658662;0.006484508;
6;15/05/2009;red;-0.011410082;-0.000120009;-0.002452054;-0.000305945;0.005712449;-0.025310643;
6;18/05/2009;red;0.0303892;-0.000951979;-0.005879979;-0.015504233;-0.012998388;0.026439954;
6;19/05/2009;red;-0.001736836;0.000595554;-0.001397414;-0.005283906;0.006640089;0;
6;20/05/2009;red;-0.005131462;0.001310568;0.00312215;0.010519968;0.014182068;0.016099464;
6;21/05/2009;red;-0.016757562;-0.001308853;-0.010948994;-0.025149696;0.017344157;-0.008148489;
6;22/05/2009;red;-0.001497211;0.000238696;-0.005860371;-0.011101122;0.003196623;0.014605054;
6;26/05/2009;red;0.026302161;-0.001310563;-0.006659423;-0.015075747;-0.00414232;0.002249278;
6;27/05/2009;red;-0.018971163;-0.000239157;-0.011320544;-0.017693694;-0.003306369;0.004488285;
6;28/05/2009;red;0.015418919;-0.000118374;0.005225161;0.014476271;0.008453729;0.018320095;
6;29/05/2009;red;0.013574757;0.001431346;0.011278871;0.02581675;0.020797953;0.019306602;
7;2/03/2020;red;-0.028107896;0.003973378;0.011619775;0.015525378;0.031434334;0.002155153;0.013912749
7;3/03/2020;red;-0.028107896;0.003973378;0.011619775;0.015525378;0.031434334;0.002155153;0.013912749
7;4/03/2020;red;0.042202591;0.0001166;-0.002196011;-0.010618434;0.001754528;0.000716862;0.00014168
7;5/03/2020;red;-0.033922077;0.002095047;0.008888002;0.024891929;0.021600945;-0.010744958;0.001697002
7;6/03/2020;red;-0.017053852;0.001161362;0.010151681;0.052043949;0.000380961;-0.032585137;0.018215103
7;9/03/2020;red;-0.075969697;0.005452258;0.008970219;0.027103074;0.001650235;-0.077844311;-0.031063785
7;10/03/2020;red;0.049396306;-0.004384456;-0.018357044;-0.051258398;-0.021101337;0.031655873;-0.038643119
7;11/03/2020;red;-0.048868445;-0.001158805;-0.009979027;-0.036797493;-0.003560351;-0.018096027;-0.048533403
7;12/03/2020;red;-0.095112681;-0.000232173;0.000508307;0.006196965;-0.039888259;-0.040064104;-0.07870432
7;13/03/2020;red;0.09287125;0.001276757;-0.006519138;-0.022603301;-0.030516237;0.010851429;0.075917094
7;16/03/2020;red;-0.119840552;0.001622533;0.026416795;0.06476554;-0.011446115;-0.060280724;-0.012470285
7;17/03/2020;red;0.059954849;-0.002314303;-0.025072483;-0.066682928;0.01355548;-0.015817249;-0.055946379
7;18/03/2020;red;-0.051830762;-0.001276106;-0.013880609;-0.056412419;-0.019921989;-0.033035705;-0.079241648
7;19/03/2020;red;0.004707808;0.001742335;0.003281435;0.027225136;-0.018905499;0.02123735;-0.041559377
7;20/03/2020;red;-0.043359512;0.00266617;0.025477781;0.075195522;0.014995707;-0.010849985;0.015349032
7;23/03/2020;red;-0.029293868;0.001156126;0.011834746;0.041209653;0.044179591;0.011883009;0.098828741
7;24/03/2020;red;0.09382774;-0.001385624;-0.006802018;-0.018614622;0.048530353;0.021680283;0.022183753
7;25/03/2020;red;0.011535012;0.001156482;0.00058446;-0.002271145;-0.013689641;0.016799255;0.065949141
7;26/03/2020;red;0.062414163;0.001155057;0.002420778;0.004921889;0.012822223;-0.003478257;0.001420553
7;27/03/2020;red;-0.033687352;-0.000230709;0.007410977;0.026692838;-0.00646049;-0.003490398;-0.001733711
7;30/03/2020;red;0.033516009;0.000461436;0.00231459;-0.008228887;0.004400645;-0.002626947;-0.001894778
7;31/03/2020;red;-0.016012722;-0.000230567;0.001814416;-0.008117015;-0.031846686;-0.012291513;0.006327241
7;1/04/2020;red;-0.04414243;0.000647305;0.004071313;0.014010595;0.009456223;-0.028444417;-0.029032898
7;2/04/2020;red;0.022829347;0.000230382;0.000163998;0.006345952;0.016393423;0.019213177;0.004385186
7;3/04/2020;red;-0.015137125;-0.000230329;0.00073867;0.002379217;0.004937459;0.025134626;-0.005497607
7;6/04/2020;red;0.070331319;-0.000693194;-0.00451058;-0.002611161;0.027710522;0.005253893;0.027967095
7;7/04/2020;red;-0.001603053;-0.000230898;-0.004448368;-0.01047227;-0.005354485;0.006968718;0.004745348
7;8/04/2020;red;0.034056453;0.00057778;-0.001241154;-0.007276207;-0.008907969;-0.002595215;0.011649862
7;9/04/2020;red;0.01448741;0.000346806;0.002154003;0.001817067;0.026123561;0.002601968;0.063336605
7;13/04/2020;red;-0.010104661;0.000115146;-0.002149373;-0.009129921;0.017140344;0.017301021;-0.00819567
7;14/04/2020;red;0.030572589;0;0.001325431;-0.000244097;0.007868093;-0.008503434;-0.008558175
7;15/04/2020;red;-0.022030439;0.000346557;0.008936137;0.026489259;-0.005101959;-0.020583171;0.009227496
7;16/04/2020;red;0.00581669;0.000230543;0.001066018;0.011356828;-0.000864995;-0.002626947;0.000737154
7;17/04/2020;red;0.026793595;-0.000346179;-0.002621302;-0.013404502;-0.019417471;0.004389749;-0.001031668
7;20/04/2020;red;-0.017881048;0;0.002628192;0.008044642;0.007126124;-0.016608356;-0.001327488
7;21/04/2020;red;-0.030674796;0.000230658;0.002785489;0.012591989;-0.006825274;-0.047111087;-0.002806686
7;22/04/2020;red;0.022930248;-0.00034613;-0.003104449;-0.01021694;0.01967086;0.013992502;-0.004147092
7;23/04/2020;red;-0.000539422;-0.000115209;0.000655556;0.005308681;0.009954867;-0.002759866;0.0078834
7;24/04/2020;red;0.013918057;0;0.000245721;0.002347016;-0.00428552;-0.01291516;-0.000885748
7;27/04/2020;red;0.01471407;0;-0.005321933;-0.018614118;-0.006640444;-0.018691571;-0.010782567
7;28/04/2020;red;-0.00524238;0.000346557;0.004362831;0.011511583;-0.004456557;0.000952403;0.00477824
7;29/04/2020;red;0.026583916;-0.000115716;-0.000491995;-0.005189128;0.005533446;0.018077981;0.002972137
7;30/04/2020;red;-0.009212446;0.001731317;-0.002377707;-0.011676953;-0.018116569;0.018691571;-0.007112259
7;1/05/2020;red;-0.028059034;-0.001476026;0.001382062;0.008563384;0.006171257;-0.012843981;-0.007394704
7;4/05/2020;red;0.004249827;0;0.000164499;-0.004703696;0.003504804;0.012081794;0.003468598
7;5/05/2020;red;0.009040556;-0.0001157;-0.000739197;-0.00640117;0.004241038;0.025711637;-0.001953786
7;6/05/2020;red;-0.00697941;0.000346875;-0.003699679;-0.016135532;-0.012855592;-0.019695637;-0.01791907
7;7/05/2020;red;0.011504631;0.000692619;0.006106287;0.016706363;0.015350755;0.006392754;0.001226742
7;8/05/2020;red;0.016871539;-0.00023101;-0.003280661;-0.013001027;-0.006010293;0.020871101;-0.008116515
7;11/05/2020;red;0.000133078;-0.000345972;-0.002797744;-0.007806127;-0.006233637;-0.0133333;-0.011425059
7;12/05/2020;red;-0.020500317;0.000230965;0.00330063;0.010264331;0.003889067;-0.008108121;0.010307751
7;13/05/2020;red;-0.017462725;0;0.002056059;0.006996699;0.009622648;-0.009990973;0
7;14/05/2020;red;0.011524823;-0.000230912;0.001559445;0.009787342;0.00885006;0.017431242;0.017004372
7;15/05/2020;red;0.003926363;0.000577235;-0.000655569;-0.002572806;0.005643815;0.009918815;0.002583804
7;18/05/2020;red;0.031501192;-0.000807911;-0.006150033;-0.021954182;-0.007564145;0.028571487;0.003183883
7;19/05/2020;red;-0.010484399;0.000577368;0.002805234;0.003741052;0.009650206;-0.002604226;0
7;20/05/2020;red;0.0166511;0;0.000246805;0.002993819;0.002374281;0.017406424;0.016170119
7;21/05/2020;red;-0.007773596;-0.000230796;0.000658307;0.002498125;-0.014576338;-0.004277095;-0.001635731
7;22/05/2020;red;0.002353711;0;0.001890464;0.0060158;0.005916836;-0.007731971;0.003575514
7;26/05/2020;red;0.012289184;0;-0.002625632;-0.013409964;-0.014214859;0.010389601;-0.003117611
7;27/05/2020;red;0.014827297;-0.000230494;0.000822742;-0.001836877;0.001802432;-0.012853438;0.005509362
7;28/05/2020;red;-0.002107915;0.000461449;-0.000904061;-0.003680322;0.003350344;0.005208286;-0.001036438
7;29/05/2020;red;0.004812336;0;0.003208657;0.007141779;0.007358413;0.017271141;0.008745895
7;1/06/2020;red;0.003751235;-0.000115176;-0.000394207;-0.006732681;0.004603769;0.00594233;-0.002520479
7;2/06/2020;red;0.008210833;0;-0.001642538;-0.003635755;-0.006476827;0.010970393;0.00620586
7;3/06/2020;red;0.013648979;-0.000808636;-0.005922479;-0.013297134;-0.018450184;0;-0.00558037
7;4/06/2020;red;-0.003368702;0.000230921;-0.003971843;-0.014479263;0.01052627;0.008347277;-0.003248076
7;5/06/2020;red;0.026211651;-0.00034639;-0.004984536;-0.007123062;-0.020275324;0.019867531;0.009925468
7;8/06/2020;red;0.012041579;-0.000231214;0.00108525;0.003843576;0.010822143;-0.0064935;0.003960964
7;9/06/2020;red;-0.007799171;0.000346857;0.003586502;0.01135832;0.009641831;0.003267971;-0.000292597
7;10/06/2020;red;-0.005313091;0.000577835;0.007479354;0.014827332;0.014324773;0.006514652;0.007746104
7;11/06/2020;red;-0.058944059;-0.000462108;0.003546961;0.018900792;-0.007214085;-0.03236243;-0.014357857
7;12/06/2020;red;0.013060844;0.000346875;-0.002219334;-0.009641156;0.001416317;0.004180618;0.005149992
7;15/06/2020;red;0.008312217;-0.000231348;-0.000823775;0.000554713;-0.001783257;0.009159006;0.018591855
7;16/06/2020;red;0.018962398;-0.000115434;-0.002061137;-0.01533376;-0.000492834;0.008250857;-0.01049176
7;17/06/2020;red;-0.0036003;0.000346875;0.001569725;0.0041279;0.001910617;-0.004910018;-0.002033368
7;18/06/2020;red;0.00059422;-0.000115674;0.002227142;0.010587586;-0.001968455;0.005756554;0.009605971
7;19/06/2020;red;-0.005649495;0.000231108;0.000329173;0.000801525;0.011032996;0.008176646;-0.001297619
7;22/06/2020;red;0.006495095;-0.000231054;-0.000904945;0.000123094;0.006462217;0.0105434;-0.001299069
7;23/06/2020;red;0.00430742;0.000231108;-0.000329492;-0.006834528;0.008419646;-0.004815443;-0.001445353
7;24/06/2020;red;-0.025855146;0.000115571;0.001894607;0.010725293;-0.003483913;-0.024999958;-0.002170871
7;25/06/2020;red;0.010959447;0;0.000164776;0.002882789;-0.000602717;0.0090984;0.001595357
7;26/06/2020;red;-0.024226905;0.000346586;0.002712603;0.010703236;0.004463149;-0.012295051;0.004055194
7;29/06/2020;red;0.014685678;0.000231214;0.000984034;-0.003146468;0.00054048;0.016597494;0.002452079
7;30/06/2020;red;0.015409876;-0.000115847;-0.001802055;-0.004856567;0.004440918;0.004897993;0.007769738
